Nov  5 2021 14:03:19,Pump Off Samples,N=15,,,
n,In,Mid,Out,Ambient,t (ms)
1,999.898987,999.874817,999.776489,999.983337,20
2,999.898621,999.875061,999.775757,999.981934,198
3,999.901001,999.874695,999.774841,999.983154,208
4,999.898743,999.87384,999.776428,999.983826,207
5,999.9021,999.874146,999.77478,999.98407,208
6,999.902283,999.874939,999.776428,999.983215,208
7,999.902283,999.874512,999.777039,999.984314,207
8,999.904907,999.875061,999.778748,999.986877,208
9,999.90509,999.876404,999.780518,999.987793,211
10,999.904663,999.877869,999.779053,999.987915,204
11,999.905884,999.876465,999.779785,999.989075,208
12,999.907349,999.877686,999.780396,999.987732,208
13,999.909119,999.880066,999.781555,999.99054,207
14,999.910889,999.881409,999.784424,999.993225,208
15,999.910461,999.881714,999.784546,999.990234,208
Nov  5 2021 14:03:19,flow rate=0.24,N=20,,,
n,In,Mid,Out,Ambient,t (ms)
1,999.935364,999.910889,999.853882,999.981506,9
2,999.93396,999.914673,999.856323,999.981506,196
3,999.936707,999.91571,999.858459,999.981934,207
4,999.935547,999.915771,999.856018,999.983459,207
5,999.938049,999.916626,999.857361,999.98291,207
6,999.937988,999.914795,999.858215,999.982666,207
7,999.938721,999.916016,999.857971,999.983521,207
8,999.938232,999.91687,999.857361,999.982971,207
9,999.937744,999.914673,999.856689,999.982361,207
10,999.937683,999.916504,999.857666,999.98291,207
11,999.93634,999.914978,999.858032,999.982666,206
12,999.937988,999.913513,999.856323,999.981323,207
13,999.935547,999.913269,999.854309,999.979309,207
14,999.93335,999.912903,999.856018,999.981262,207
15,999.933655,999.912048,999.853699,999.977966,207
16,999.93219,999.90802,999.850952,999.977417,207
17,999.928467,999.906738,999.84967,999.974609,206
18,999.92865,999.907043,999.84845,999.973145,207
19,999.926819,999.906616,999.84906,999.975159,207
20,999.929871,999.908264,999.850708,999.975403,207
mu,0.036072,0.039673,0.080261,-0.001038,204.25
sd,0.001127,0.002304,0.001873,0.000929,5.5
Q,0.263269,,,,
,,,,,
,,,,,
Nov  5 2021 14:05:44,Pump Off Samples,N=15,,,
n,In,Mid,Out,Ambient,t (ms)
1,999.875366,999.84967,999.751038,999.956787,9
2,999.874512,999.847717,999.750793,999.956543,156
3,999.875854,999.844849,999.749268,999.955444,206
4,999.872437,999.844666,999.75,999.953491,208
5,999.872437,999.843689,999.747559,999.954041,206
6,999.871155,999.842041,999.748535,999.951233,207
7,999.86792,999.841614,999.745056,999.950012,207
8,999.868591,999.841553,999.746704,999.950806,207
9,999.872192,999.843445,999.749268,999.950134,211
10,999.872864,999.845764,999.75116,999.953979,202
11,999.875916,999.84906,999.753723,999.954712,207
12,999.876709,999.850403,999.752441,999.956421,207
13,999.87616,999.850952,999.753723,999.957642,207
14,999.87915,999.8526,999.755798,999.959167,207
15,999.879272,999.853455,999.756226,999.959717,207
Nov  5 2021 14:05:44,flow rate=0.47,N=20,,,
n,In,Mid,Out,Ambient,t (ms)
1,1000.007751,999.982239,999.993835,999.990295,10
2,1000.008423,999.981018,999.994995,999.990234,196
3,1000.010559,999.983276,999.998108,999.991394,207
4,1000.012024,999.984009,999.996887,999.995483,206
5,1000.01062,999.984863,999.995728,999.993835,208
6,1000.015015,999.985107,999.999695,999.993958,206
7,1000.013855,999.98407,999.998047,999.994202,207
8,1000.015869,999.985168,999.998352,999.993347,207
9,1000.013306,999.985779,999.997314,999.993958,207
10,1000.015564,999.98584,1000.002808,999.993042,207
11,1000.01593,999.986572,999.998535,999.996399,207
12,1000.017334,999.987366,1000.000732,999.995728,210
13,1000.015991,999.986572,1000.000916,999.996643,203
14,1000.018188,999.984436,1000.002869,999.997131,207
15,1000.01709,999.987549,1000.000854,999.996643,207
16,1000.016663,999.988831,1000.002197,999.996948,207
17,1000.017639,999.987122,1000.002258,999.995239,207
18,1000.016479,999.987671,1000.003052,999.99823,207
19,1000.017395,999.990234,1000.003174,999.997498,207
20,1000.018494,999.989136,1000.003113,999.999451,207
mu,0.135132,0.135925,0.245667,0.036255,204.25
sd,0.001964,0.0013,0.001908,0.002479,5.56
Q,0.432897,,,,
,,,,,
,,,,,
Nov  5 2021 14:07:45,Pump Off Samples,N=15,,,
n,In,Mid,Out,Ambient,t (ms)
1,999.951233,999.929871,999.829834,1000.035095,9
2,999.952026,999.929443,999.828369,1000.032593,167
3,999.954163,999.928589,999.828308,1000.034302,208
4,999.954773,999.929138,999.831543,1000.033447,207
5,999.955566,999.932678,999.829529,1000.036194,208
6,999.957275,999.931641,999.830688,1000.036194,208
7,999.957397,999.928894,999.830139,1000.036377,207
8,999.955017,999.929932,999.830383,1000.035339,212
9,999.955994,999.930908,999.832642,1000.036743,203
10,999.956726,999.932983,999.830994,1000.036621,208
11,999.954834,999.931946,999.830078,1000.034973,208
12,999.954224,999.931641,999.829224,1000.034851,207
13,999.954529,999.928284,999.829895,1000.032959,208
14,999.951965,999.930176,999.82782,1000.030212,208
15,999.947754,999.926636,999.822571,1000.026978,207
Nov  5 2021 14:07:45,flow rate=0.71,N=20,,,
n,In,Mid,Out,Ambient,t (ms)
1,1000.120483,1000.093201,1000.175842,1000.027832,10
2,1000.119507,1000.091858,1000.173035,1000.025635,144
3,1000.118347,1000.09491,1000.174438,1000.022888,208
4,1000.11438,1000.087036,1000.164917,1000.019714,206
5,1000.110107,1000.085938,1000.161865,1000.017334,207
6,1000.106384,1000.083191,1000.163513,1000.016968,207
7,1000.103027,1000.082031,1000.159424,1000.015625,207
8,1000.104553,1000.080078,1000.164551,1000.018799,207
9,1000.107666,1000.083496,1000.168579,1000.020142,207
10,1000.111511,1000.085938,1000.166016,1000.016968,207
11,1000.110962,1000.085999,1000.165222,1000.018982,207
12,1000.109558,1000.088074,1000.171936,1000.017578,207
13,1000.111633,1000.084473,1000.167358,1000.019775,207
14,1000.108887,1000.087341,1000.167664,1000.017395,207
15,1000.108582,1000.083984,1000.167114,1000.018127,206
16,1000.108826,1000.08429,1000.163757,1000.018372,208
17,1000.109375,1000.085571,1000.161926,1000.016846,206
18,1000.108521,1000.082642,1000.161865,1000.018616,208
19,1000.111389,1000.084839,1000.163696,1000.018066,206
20,1000.105286,1000.08374,1000.168701,1000.019348,207
mu,0.1651,0.162476,0.34259,-0.009827,191.25
sd,0.002679,0.003383,0.004897,0.00351,31.51
Q,0.554593,,,,
,,,,,
,,,,,
Nov  5 2021 14:09:22,Pump Off Samples,N=15,,,
n,In,Mid,Out,Ambient,t (ms)
1,999.84491,999.820007,999.727173,999.924011,10
2,999.848755,999.82135,999.727356,999.926086,191
3,999.848389,999.824158,999.729736,999.929321,207
4,999.849121,999.822998,999.729126,999.929626,207
5,999.851624,999.824768,999.72876,999.929443,207
6,999.852478,999.827087,999.730957,999.930481,207
7,999.852722,999.827332,999.733032,999.932129,207
8,999.853882,999.829834,999.73407,999.934326,207
9,999.856262,999.832214,999.736328,999.934631,207
10,999.857971,999.830872,999.737915,999.938965,206
11,999.860535,999.833923,999.740051,999.93866,208
12,999.861633,999.836121,999.73999,999.942017,206
13,999.864319,999.838806,999.743347,999.942627,207
14,999.864929,999.840698,999.743835,999.944092,207
15,999.865967,999.841003,999.744385,999.945251,207
Nov  5 2021 14:09:22,flow rate=0.94,N=20,,,
n,In,Mid,Out,Ambient,t (ms)
1,1000.159241,1000.139832,1000.313843,999.974854,13
2,1000.155457,1000.142578,1000.314514,999.976196,169
3,1000.159363,1000.141357,1000.313354,999.978577,206
4,1000.158691,1000.141846,1000.320801,999.975342,207
5,1000.15979,1000.141724,1000.314941,999.976563,207
6,1000.157349,1000.141724,1000.3172,999.974792,207
7,1000.155029,1000.138672,1000.315613,999.973999,207
8,1000.159424,1000.142334,1000.321899,999.971924,207
9,1000.161743,1000.141479,1000.314697,999.974976,206
10,1000.161255,1000.139709,1000.316711,999.97583,207
11,1000.157715,1000.137573,1000.320007,999.975525,208
12,1000.159241,1000.142334,1000.319702,999.976257,207
13,1000.158508,1000.143127,1000.315918,999.975708,207
14,1000.162109,1000.143799,1000.315247,999.977356,207
15,1000.160889,1000.149292,1000.319519,999.976624,208
16,1000.163757,1000.147949,1000.322449,999.978699,207
17,1000.164063,1000.144775,1000.323486,999.979248,207
18,1000.161743,1000.146423,1000.323486,999.977478,207
19,1000.163147,1000.147095,1000.327942,999.977173,211
20,1000.157959,1000.143799,1000.321899,999.976196,204
mu,0.310425,0.319275,0.58728,0.049011,197.25
sd,0.001844,0.001162,0.003482,0.001652,18.84
Q,0.676505,,,,
,,,,,
,,,,,
Nov  5 2021 14:12:51,Pump Off Samples,N=15,,,
n,In,Mid,Out,Ambient,t (ms)
1,999.803833,999.781433,999.679871,999.884583,9
2,999.803589,999.781311,999.681152,999.882202,178
3,999.805481,999.782593,999.68042,999.882813,207
4,999.805237,999.780518,999.68042,999.883972,208
5,999.806396,999.781738,999.681824,999.884155,212
6,999.806274,999.782471,999.681396,999.884766,203
7,999.804749,999.782471,999.679871,999.88446,208
8,999.80542,999.782104,999.679993,999.884766,207
9,999.806274,999.783142,999.681641,999.884583,208
10,999.809204,999.782349,999.683044,999.886536,208
11,999.8078,999.782593,999.683594,999.885071,207
12,999.808777,999.784363,999.684143,999.886169,208
13,999.806946,999.782959,999.683838,999.885803,208
14,999.804199,999.783752,999.679199,999.88385,207
15,999.808655,999.776794,999.680054,999.882202,211
Nov  5 2021 14:12:51,flow rate=0.42,N=20,,,
n,In,Mid,Out,Ambient,t (ms)
1,999.889282,999.869324,999.859558,999.885986,10
2,999.890686,999.870544,999.863098,999.88623,177
3,999.893616,999.869141,999.859741,999.886719,207
4,999.891479,999.871582,999.860413,999.886719,207
5,999.893372,999.870239,999.859863,999.885071,207
6,999.892517,999.870239,999.860107,999.890259,208
7,999.892395,999.870361,999.861694,999.889282,207
8,999.892883,999.871094,999.863098,999.88916,207
9,999.891357,999.870911,999.862366,999.890991,211
10,999.893188,999.872742,999.861328,999.889221,204
11,999.895142,999.873108,999.861328,999.89093,207
12,999.891968,999.874817,999.859375,999.890076,207
13,999.892822,999.872498,999.863037,999.891479,208
14,999.893494,999.873291,999.862549,999.892761,207
15,999.895447,999.871399,999.863525,999.891968,207
16,999.895874,999.872986,999.859314,999.892822,207
17,999.895874,999.873962,999.86377,999.892395,208
18,999.893616,999.874939,999.863525,999.891235,207
19,999.894165,999.874756,999.864868,999.891724,207
20,999.893127,999.87146,999.865234,999.890808,208
mu,0.086731,0.088684,0.180237,0.002991,199.5
sd,0.001811,0.001142,0.001639,0.000366,15
Q,0.395399,,,,
,,,,,
,,,,,
Nov  5 2021 14:14:58,Pump Off Samples,N=15,,,
n,In,Mid,Out,Ambient,t (ms)
1,999.807739,999.780762,999.684998,999.884521,9
2,999.806335,999.782043,999.6828,999.88446,198
3,999.804626,999.779846,999.682129,999.884827,207
4,999.806885,999.781189,999.683533,999.886353,208
5,999.806885,999.781433,999.682007,999.884033,207
6,999.806702,999.780762,999.684387,999.883301,207
7,999.803345,999.780212,999.682434,999.884155,207
8,999.802002,999.778931,999.682556,999.881226,207
9,999.80365,999.779297,999.680908,999.883545,207
10,999.805237,999.779907,999.683655,999.885376,207
11,999.803345,999.778442,999.680298,999.881104,206
12,999.804321,999.777527,999.680908,999.881897,208
13,999.803589,999.777893,999.678833,999.879944,206
14,999.804871,999.77594,999.681091,999.881897,208
15,999.801941,999.775452,999.680786,999.882263,206
Nov  5 2021 14:14:58,flow rate=0.38,N=20,,,
n,In,Mid,Out,Ambient,t (ms)
1,999.870056,999.846497,999.824158,999.879456,10
2,999.872742,999.847046,999.825806,999.88147,179
3,999.873352,999.846924,999.823853,999.880371,207
4,999.875305,999.846924,999.826538,999.881348,207
5,999.875061,999.849548,999.828674,999.881409,207
6,999.876343,999.848511,999.826965,999.882751,207
7,999.876709,999.848572,999.82666,999.884705,207
8,999.877563,999.849121,999.828125,999.883545,207
9,999.87561,999.851196,999.829468,999.883606,207
10,999.877319,999.850769,999.828186,999.883606,207
11,999.877747,999.849548,999.827515,999.880371,207
12,999.874817,999.849365,999.830078,999.880249,207
13,999.875183,999.85022,999.827576,999.878845,207
14,999.876465,999.846069,999.825256,999.881226,207
15,999.876709,999.848572,999.828125,999.88147,208
16,999.873657,999.848511,999.82666,999.881165,207
17,999.875244,999.846802,999.828186,999.880005,207
18,999.876038,999.847839,999.828674,999.881897,207
19,999.872742,999.847473,999.825439,999.882507,207
20,999.875549,999.848755,999.828308,999.88031,207
mu,0.066467,0.065918,0.141724,-0.004333,200
sd,0.002168,0.000242,0.001292,0.000942,14
Q,0.359791,,,,
,,,,,
,,,,,
Nov  5 2021 14:18:23,Pump Off Samples,N=15,,,
n,In,Mid,Out,Ambient,t (ms)
1,999.798462,999.770264,999.674988,999.875732,9
2,999.798584,999.773499,999.673645,999.875183,136
3,999.798828,999.772339,999.671875,999.873657,207
4,999.796936,999.77124,999.673828,999.874084,207
5,999.799988,999.771973,999.672974,999.875549,212
6,999.797424,999.771423,999.674194,999.875366,202
7,999.796082,999.770386,999.674377,999.874512,208
8,999.798584,999.772888,999.673645,999.873291,207
9,999.797363,999.772583,999.673096,999.874207,207
10,999.796326,999.771667,999.673035,999.873962,207
11,999.796692,999.77002,999.673462,999.872864,208
12,999.796387,999.770569,999.671875,999.872864,207
13,999.797363,999.772278,999.673218,999.875549,207
14,999.795715,999.77124,999.672119,999.872803,207
15,999.795227,999.773071,999.670288,999.873108,211
Nov  5 2021 14:18:23,flow rate=0.33,N=20,,,
n,In,Mid,Out,Ambient,t (ms)
1,999.84436,999.820801,999.781738,999.861816,9
2,999.843445,999.817261,999.780945,999.862976,137
3,999.843689,999.817566,999.780457,999.862671,207
4,999.842407,999.817322,999.782166,999.862427,207
5,999.841187,999.8172,999.782959,999.861328,207
6,999.842896,999.818542,999.781067,999.862244,207
7,999.841492,999.819397,999.780518,999.862244,207
8,999.84021,999.81897,999.780334,999.863586,207
9,999.840027,999.817017,999.782471,999.862244,207
10,999.842102,999.8172,999.781738,999.862061,207
11,999.839539,999.815552,999.78064,999.860229,207
12,999.839294,999.816162,999.780762,999.858826,207
13,999.840149,999.814392,999.780762,999.859985,207
14,999.838379,999.813965,999.779114,999.857971,207
15,999.837036,999.810913,999.778137,999.857239,207
16,999.838135,999.812012,999.778442,999.858459,207
17,999.83728,999.812134,999.777161,999.859192,207
18,999.839478,999.809814,999.777649,999.858032,204
19,999.838806,999.811035,999.777893,999.858032,208
20,999.83667,999.810059,999.778381,999.859985,207
mu,0.045288,0.046448,0.107788,-0.012207,189.5
sd,0.000811,0.001714,0.000771,0.000495,35
Q,0.323648,,,,
,,,,,
,,,,,
Nov  5 2021 14:20:01,Pump Off Samples,N=15,,,
n,In,Mid,Out,Ambient,t (ms)
1,999.754639,999.729004,999.633179,999.832214,10
2,999.753113,999.728516,999.632324,999.830994,58
3,999.753113,999.724792,999.632324,999.831177,206
4,999.751404,999.726501,999.632507,999.831543,207
5,999.754211,999.727417,999.633667,999.832581,207
6,999.752502,999.729614,999.635315,999.833679,207
7,999.755676,999.730225,999.634766,999.83374,207
8,999.756042,999.729004,999.633423,999.833435,207
9,999.758179,999.727478,999.636963,999.835022,207
10,999.756409,999.728455,999.635498,999.835083,207
11,999.755859,999.728333,999.636963,999.835999,207
12,999.758118,999.72937,999.633545,999.834595,207
13,999.756653,999.72937,999.632813,999.834473,207
14,999.756104,999.72998,999.635864,999.833496,207
15,999.75647,999.731018,999.633667,999.833496,207
Nov  5 2021 14:20:01,flow rate=0.28,N=20,,,
n,In,Mid,Out,Ambient,t (ms)
1,999.787598,999.765259,999.718201,999.820374,9
2,999.788147,999.763489,999.717712,999.821228,127
3,999.788147,999.764709,999.715332,999.820129,208
4,999.790161,999.763611,999.714478,999.821045,207
5,999.787109,999.764893,999.715759,999.81897,208
6,999.788452,999.763611,999.716187,999.821533,208
7,999.787964,999.763733,999.716492,999.821228,207
8,999.789001,999.766663,999.71875,999.820496,208
9,999.789429,999.76709,999.717957,999.821411,211
10,999.790405,999.765564,999.717529,999.821533,204
11,999.788513,999.766479,999.716614,999.819397,207
12,999.789246,999.765625,999.717346,999.820618,208
13,999.790527,999.766174,999.717407,999.819763,208
14,999.790222,999.764893,999.717834,999.820313,207
15,999.789612,999.765076,999.715881,999.820251,208
16,999.790161,999.766235,999.71875,999.818848,207
17,999.788269,999.764893,999.71814,999.818665,208
18,999.788208,999.764893,999.719543,999.819092,207
19,999.790222,999.765015,999.718994,999.819275,208
20,999.791199,999.765137,999.718811,999.818298,208
mu,0.035339,0.037048,0.083801,-0.010803,187.5
sd,0.001131,0.00086,0.001807,0.000526,40.34
Q,0.282556,,,,
,,,,,
,,,,,
Nov  5 2021 14:22:03,Pump Off Samples,N=15,,,
n,In,Mid,Out,Ambient,t (ms)
1,999.753357,999.727783,999.63092,999.830078,9
2,999.754272,999.727783,999.630493,999.828491,194
3,999.753357,999.727112,999.629456,999.829163,207
4,999.75531,999.725342,999.631165,999.82843,207
5,999.753601,999.727173,999.629089,999.828613,207
6,999.755615,999.728271,999.629395,999.830383,207
7,999.755066,999.731018,999.630676,999.830872,207
8,999.755676,999.730103,999.62915,999.830444,207
9,999.753906,999.728821,999.631348,999.827942,110
10,999.753662,999.727905,999.62915,999.82959,207
11,999.752441,999.726013,999.627686,999.827637,207
12,999.751038,999.722046,999.626404,999.826782,207
13,999.747742,999.720459,999.62323,999.822205,208
14,999.746643,999.721619,999.621643,999.822571,207
15,999.747681,999.722656,999.623779,999.822876,211
Nov  5 2021 14:22:03,flow rate=0.24,N=20,,,
n,In,Mid,Out,Ambient,t (ms)
1,999.783386,999.762512,999.704346,999.822632,9
2,999.785156,999.763367,999.707031,999.823914,186
3,999.786194,999.764465,999.706848,999.825439,208
4,999.785095,999.76593,999.708801,999.827026,206
5,999.787659,999.76709,999.707336,999.828064,207
6,999.78833,999.768311,999.707642,999.827026,207
7,999.787964,999.764404,999.70752,999.827026,207
8,999.788208,999.764832,999.706848,999.82666,207
9,999.787659,999.76532,999.706665,999.826782,207
10,999.788147,999.766174,999.708252,999.825867,207
11,999.786804,999.765564,999.704712,999.826111,207
12,999.787354,999.764771,999.70752,999.825806,207
13,999.787354,999.76532,999.70874,999.825684,207
14,999.788025,999.766663,999.708435,999.826355,207
15,999.786316,999.765564,999.709839,999.829163,207
16,999.78772,999.766846,999.707336,999.830444,207
17,999.78656,999.765808,999.709534,999.828064,207
18,999.788574,999.766541,999.70813,999.827515,211
19,999.789978,999.764709,999.70929,999.829834,203
20,999.787415,999.763977,999.708618,999.82843,207
mu,0.030884,0.037048,0.076233,-0.004333,201.75
sd,0.001163,0.001477,0.001833,0.001902,10.53
Q,0.258676,,,,
,,,,,
,,,,,
Nov  5 2021 14:23:32,Pump Off Samples,N=15,,,
n,In,Mid,Out,Ambient,t (ms)
1,999.742371,999.716003,999.616394,999.819458,10
2,999.742371,999.715637,999.617371,999.817566,118
3,999.740601,999.715088,999.617126,999.818665,207
4,999.741882,999.714783,999.61853,999.817444,207
5,999.741333,999.715759,999.617432,999.820618,207
6,999.741699,999.714905,999.61908,999.818726,207
7,999.740967,999.716187,999.616333,999.819397,207
8,999.740601,999.715393,999.617554,999.817871,207
9,999.741577,999.716492,999.616699,999.816589,207
10,999.74054,999.715759,999.615417,999.81604,206
11,999.740417,999.715088,999.617554,999.819092,208
12,999.741943,999.713745,999.616028,999.819397,206
13,999.742737,999.714539,999.61554,999.815491,207
14,999.738098,999.713257,999.613464,999.818359,208
15,999.740784,999.714294,999.617432,999.819763,206
Nov  5 2021 14:23:32,flow rate=0.52,N=20,,,
n,In,Mid,Out,Ambient,t (ms)
1,999.852722,999.827759,999.848755,999.825378,10
2,999.85553,999.827332,999.849548,999.823364,200
3,999.858765,999.826965,999.848145,999.82373,207
4,999.858887,999.826355,999.851501,999.825867,207
5,999.860107,999.830139,999.852783,999.824036,207
6,999.859863,999.830627,999.853149,999.827332,207
7,999.862366,999.831848,999.855957,999.828369,207
8,999.861145,999.833618,999.856506,999.826111,210
9,999.862915,999.832092,999.856384,999.827209,203
10,999.86499,999.831848,999.85553,999.828125,207
11,999.86554,999.834595,999.854553,999.826721,207
12,999.86554,999.836853,999.856812,999.826538,208
13,999.864502,999.835999,999.854919,999.825928,207
14,999.865173,999.834351,999.857056,999.826416,207
15,999.859741,999.833984,999.858643,999.824951,207
16,999.860474,999.83429,999.855835,999.824829,207
17,999.863464,999.835022,999.853882,999.823853,207
18,999.861694,999.831726,999.85376,999.824219,212
19,999.859741,999.832764,999.854309,999.825623,202
20,999.861328,999.83429,999.853149,999.824463,207
mu,0.114624,0.111694,0.232178,0.006348,205.25
sd,0.002946,0.000595,0.001461,0.001224,3.5
Q,0.45359,,,,
,,,,,
,,,,,
Nov  5 2021 14:25:15,Pump Off Samples,N=15,,,
n,In,Mid,Out,Ambient,t (ms)
1,999.69751,999.669678,999.571167,999.771545,10
2,999.69696,999.66687,999.571716,999.772583,171
3,999.696228,999.669006,999.571106,999.772095,207
4,999.697205,999.668518,999.568726,999.773132,208
5,999.696228,999.666565,999.56897,999.772522,212
6,999.697021,999.670715,999.570251,999.771301,203
7,999.697327,999.670776,999.571106,999.770691,208
8,999.695801,999.670654,999.567322,999.770325,208
9,999.695557,999.669861,999.56842,999.76947,207
10,999.697754,999.670654,999.56897,999.76947,208
11,999.69751,999.671082,999.568848,999.77002,208
12,999.69696,999.668518,999.570862,999.770325,207
13,999.695374,999.668457,999.571106,999.771118,208
14,999.69751,999.667969,999.569519,999.770691,208
15,999.696655,999.668213,999.570618,999.769714,211
Nov  5 2021 14:25:15,flow rate=0.57,N=20,,,
n,In,Mid,Out,Ambient,t (ms)
1,999.810913,999.78772,999.820679,999.765869,10
2,999.812805,999.78772,999.821533,999.766663,114
3,999.812988,999.788757,999.821228,999.766968,207
4,999.813232,999.788574,999.823608,999.765869,207
5,999.811157,999.786804,999.820862,999.768372,208
6,999.812866,999.788574,999.821106,999.766541,206
7,999.813843,999.787292,999.823303,999.768799,207
8,999.811462,999.786621,999.821899,999.76532,211
9,999.814148,999.789551,999.82312,999.765869,204
10,999.810913,999.787659,999.82373,999.765808,207
11,999.814636,999.78656,999.823303,999.768311,207
12,999.814392,999.788025,999.822815,999.767761,207
13,999.813293,999.78772,999.822327,999.766235,207
14,999.810242,999.786194,999.820496,999.764709,207
15,999.813049,999.788452,999.82251,999.765625,207
16,999.808594,999.786499,999.820557,999.765625,207
17,999.810242,999.784546,999.819153,999.763611,207
18,999.809692,999.784607,999.818726,999.764282,207
19,999.808594,999.78186,999.819458,999.763306,207
20,999.810181,999.782715,999.819153,999.764038,207
mu,0.115479,0.11969,0.251099,-0.006104,184
sd,0.001062,0.000552,0.001281,0.000563,46.67
Q,0.473709,,,,
,,,,,
,,,,,
Nov  5 2021 16:14:20,Pump Off Samples,N=15,,,
n,In,Mid,Out,Ambient,t (ms)
1,999.023987,998.995361,998.89447,999.092712,9
2,999.024475,998.994629,998.895264,999.092102,199
3,999.024841,998.996338,998.896118,999.09259,207
4,999.027344,998.99408,998.896973,999.093933,207
5,999.025757,998.996582,998.895386,999.094238,207
6,999.024841,998.995239,998.893982,999.094543,207
7,999.023132,998.994629,998.895264,999.093445,207
8,999.02594,998.997009,998.895447,999.094482,206
9,999.026306,998.997314,998.894897,999.094849,207
10,999.023804,998.993774,998.894531,999.093933,207
11,999.022949,998.994446,998.894165,999.094604,207
12,999.02417,998.99469,998.895691,999.092346,207
13,999.024475,998.993408,998.895996,999.092346,207
14,999.021851,998.994751,998.892212,999.090759,207
15,999.020691,998.992188,998.894714,999.091064,207
Nov  5 2021 16:14:20,flow rate=0.14,N=20,,,
n,In,Mid,Out,Ambient,t (ms)
1,999.050049,999.023926,998.961304,999.067505,9
2,999.047729,999.023926,998.961548,999.067139,158
3,999.04718,999.024536,998.96228,999.067444,207
4,999.047791,999.023621,998.962708,999.067627,208
5,999.045776,999.024475,998.963928,999.0672,208
6,999.046387,999.025879,998.960083,999.065308,207
7,999.046936,999.022522,998.960022,999.066895,208
8,999.048767,999.020874,998.960327,999.066101,211
9,999.048645,999.023071,998.961182,999.066711,204
10,999.047241,999.024475,998.961975,999.067505,208
11,999.049194,999.023438,998.961975,999.06665,207
12,999.049927,999.026123,998.963196,999.066895,208
13,999.048279,999.024658,998.960999,999.066956,207
14,999.049072,999.02417,998.962524,999.067871,208
15,999.050476,999.024231,998.963074,999.067871,208
16,999.050293,999.023926,998.963501,999.066711,207
17,999.051697,999.02594,998.961426,999.068176,208
18,999.051575,999.026001,998.962708,999.068176,211
19,999.049377,999.025024,998.96283,999.066956,204
20,999.050171,999.022888,998.962097,999.067322,208
mu,0.023071,0.02887,0.066223,-0.025391,195.25
sd,0.001272,0.000384,0.000649,0.000208,24.84
Q,0.25256,,,,
,,,,,
,,,,,
Nov  5 2021 16:16:48,Pump Off Samples,N=15,,,
n,In,Mid,Out,Ambient,t (ms)
1,998.993103,998.967346,998.868591,999.062988,9
2,998.991699,998.969055,998.868652,999.060608,170
3,998.991089,998.968201,998.867249,999.061646,208
4,998.992249,998.964478,998.868774,999.062561,206
5,998.991699,998.964783,998.867188,999.062012,207
6,998.990845,998.968201,998.870056,999.063538,207
7,998.990845,998.966187,998.868408,999.063538,207
8,998.991821,998.966064,998.868652,999.062744,207
9,998.992676,998.966003,998.869141,999.064148,207
10,998.99292,998.967346,998.867676,999.062744,207
11,998.992554,998.966064,998.868103,999.063843,207
12,998.993286,998.967651,998.868896,999.062866,207
13,998.993652,998.966736,998.869141,999.064819,207
14,998.993958,998.96759,998.86792,999.062317,207
15,998.992737,998.965332,998.867188,999.062134,207
Nov  5 2021 16:16:48,flow rate=0.19,N=20,,,
n,In,Mid,Out,Ambient,t (ms)
1,999.078125,999.054749,999.010254,999.070862,10
2,999.076172,999.05365,999.011536,999.069153,187
3,999.075378,999.056458,999.009949,999.067627,208
4,999.077332,999.054077,999.010315,999.070313,207
5,999.077576,999.054932,999.00885,999.06958,207
6,999.078613,999.05603,999.009705,999.06958,207
7,999.077087,999.054077,999.01001,999.069397,208
8,999.078125,999.056335,999.011658,999.06958,211
9,999.079224,999.057495,999.010925,999.070801,203
10,999.07843,999.056824,999.012512,999.071167,207
11,999.080688,999.057495,999.013367,999.070862,208
12,999.080444,999.058411,999.011963,999.07196,207
13,999.079712,999.056335,999.01178,999.071655,207
14,999.079773,999.058594,999.012024,999.070923,207
15,999.077393,999.060852,999.012207,999.073059,208
16,999.076965,999.059448,999.013855,999.074036,207
17,999.078857,999.059143,999.011902,999.073608,207
18,999.079529,999.055237,999.013428,999.072205,211
19,999.077942,999.056091,999.010925,999.072998,204
20,999.075378,999.055054,999.012207,999.070862,207
mu,0.084717,0.087402,0.142212,0.007568,202.25
sd,0.001218,0.001236,0.0007,0.001431,10.18
Q,0.305934,,,,
,,,,,
,,,,,
Nov  5 2021 16:17:51,Pump Off Samples,N=15,,,
n,In,Mid,Out,Ambient,t (ms)
1,998.98053,998.950012,998.853577,999.052673,10
2,998.978271,998.948486,998.851624,999.048279,154
3,998.979309,998.946716,998.852051,999.049377,207
4,998.976074,998.947815,998.848877,999.050293,207
5,998.97522,998.946106,998.850525,999.050232,207
6,998.975525,998.948364,998.849365,999.050171,207
7,998.976379,998.949585,998.851013,999.048462,207
8,998.976257,998.949524,998.851563,999.047363,207
9,998.975952,998.94928,998.852112,999.047058,207
10,998.977661,998.949768,998.850464,999.048523,207
11,998.978333,998.951416,998.851318,999.049683,207
12,998.978699,998.951172,998.852112,999.050415,207
13,998.978821,998.951965,998.852356,999.049194,207
14,998.978882,998.953857,998.852783,999.051025,177
15,998.980469,998.954529,998.852661,999.051147,203
Nov  5 2021 16:17:51,flow rate=0.24,N=20,,,
n,In,Mid,Out,Ambient,t (ms)
1,999.097656,999.071533,999.052246,999.050049,9
2,999.100464,999.074219,999.053223,999.050842,92
3,999.101563,999.077026,999.054749,999.052246,206
4,999.102173,999.075989,999.055542,999.052246,208
5,999.104675,999.078735,999.0578,999.052551,206
6,999.102173,999.075867,999.05542,999.051636,207
7,999.103516,999.075439,999.055298,999.050964,207
8,999.102783,999.078369,999.05835,999.052795,207
9,999.104858,999.07959,999.057251,999.052734,207
10,999.103149,999.079041,999.055298,999.054199,207
11,999.103271,999.078979,999.057373,999.054993,207
12,999.103027,999.075989,999.057251,999.054504,207
13,999.105225,999.075867,999.057983,999.055054,207
14,999.104553,999.076416,999.057983,999.054871,207
15,999.104309,999.079895,999.058594,999.054504,207
16,999.104065,999.079895,999.056824,999.054626,207
17,999.102966,999.075989,999.057739,999.053955,207
18,999.105103,999.079834,999.056824,999.054199,207
19,999.103455,999.078918,999.057373,999.055176,207
20,999.105286,999.075867,999.059998,999.055237,207
mu,0.121948,0.126404,0.202454,0.00116,178
sd,0.002001,0.002404,0.001484,0.001089,57.34
Q,0.36037,,,,
,,,,,
,,,,,
Nov  5 2021 16:18:47,Pump Off Samples,N=15,,,
n,In,Mid,Out,Ambient,t (ms)
1,998.974426,998.949585,998.848206,999.046143,10
2,998.975159,998.950867,998.8479,999.047607,167
3,998.975647,998.948669,998.848694,999.044983,207
4,998.976074,998.949707,998.847046,999.045227,211
5,998.974792,998.949463,998.848511,999.043457,203
6,998.972046,998.948914,998.847473,999.044189,207
7,998.97406,998.947632,998.846802,999.043518,207
8,998.97345,998.946533,998.847839,999.047668,207
9,998.976501,998.948853,998.847961,999.046143,207
10,998.976563,998.949158,998.847412,999.047241,207
11,998.975159,998.949829,998.849304,999.047424,207
12,998.975708,998.950623,998.84906,999.050232,207
13,998.976318,998.950562,998.849792,999.050537,207
14,998.978455,998.949524,998.849792,999.048828,211
15,998.976624,998.952087,998.851196,999.051819,203
Nov  5 2021 16:18:47,flow rate=0.24,N=20,,,
n,In,Mid,Out,Ambient,t (ms)
1,999.086853,999.059448,999.037659,999.044373,9
2,999.089111,999.063293,999.040771,999.045288,130
3,999.090088,999.06311,999.043823,999.047241,207
4,999.090881,999.066772,999.044922,999.046143,207
5,999.091797,999.066223,999.044189,999.044739,207
6,999.093811,999.068298,999.046509,999.044556,207
7,999.092041,999.06842,999.046875,999.045715,207
8,999.094116,999.068604,999.045166,999.046265,209
9,999.094116,999.068848,999.046326,999.045837,205
10,999.092163,999.06842,999.045715,999.046692,207
11,999.092346,999.067627,999.047913,999.045715,207
12,999.091064,999.065552,999.044922,999.043274,207
13,999.091553,999.0672,999.044861,999.043823,208
14,999.09436,999.065674,999.048279,999.044312,207
15,999.093506,999.064819,999.044983,999.044861,208
16,999.095398,999.066223,999.044861,999.043823,207
17,999.096863,999.065613,999.044922,999.045166,208
18,999.092651,999.065918,999.047241,999.044067,211
19,999.093018,999.068054,999.047424,999.046021,204
20,999.095764,999.065857,999.046692,999.045959,208
mu,0.113892,0.113525,0.193848,-0.000244,187.75
sd,0.001744,0.002993,0.003269,0.001224,38.5
Q,0.370354,,,,
,,,,,
,,,,,
Nov  5 2021 16:19:25,Pump Off Samples,N=15,,,
n,In,Mid,Out,Ambient,t (ms)
1,998.970154,998.949951,998.846619,999.048584,9
2,998.971191,998.947449,998.846802,999.049561,163
3,998.973389,998.948853,998.845886,999.049194,207
4,998.974121,998.947449,998.847046,999.048889,211
5,998.973145,998.950439,998.848145,999.049011,203
6,998.970459,998.947449,998.847107,999.049438,207
7,998.973511,998.946899,998.84552,999.05127,207
8,998.971313,998.946106,998.846497,999.050049,207
9,998.970947,998.946777,998.846252,999.049438,207
10,998.970337,998.946167,998.846436,999.048035,207
11,998.973511,998.946655,998.846619,999.049927,207
12,998.972473,998.946228,998.84729,999.049438,207
13,998.974121,998.947266,998.848206,999.051025,207
14,998.974304,998.94812,998.849426,999.052185,211
15,998.973694,998.94873,998.848755,999.052368,203
Nov  5 2021 16:19:25,flow rate=0.28,N=20,,,
n,In,Mid,Out,Ambient,t (ms)
1,999.138733,999.11084,999.115479,999.056946,9
2,999.138733,999.11084,999.115784,999.05658,156
3,999.133606,999.106201,999.106506,999.050964,207
4,999.129211,999.101196,999.108337,999.046143,207
5,999.132751,999.105225,999.114014,999.050964,207
6,999.135376,999.110779,999.116821,999.055603,207
7,999.138977,999.110107,999.117371,999.057861,207
8,999.138611,999.112671,999.117188,999.055908,207
9,999.139587,999.110229,999.115967,999.058838,207
10,999.138733,999.109131,999.118774,999.057861,207
11,999.139221,999.112488,999.122437,999.058533,207
12,999.141785,999.113342,999.119324,999.060791,207
13,999.140625,999.113831,999.120728,999.060059,207
14,999.140564,999.114441,999.118103,999.061584,206
15,999.143066,999.115051,999.123352,999.063232,208
16,999.142212,999.118103,999.120239,999.062805,206
17,999.143311,999.116699,999.121277,999.061401,207
18,999.144348,999.11438,999.12384,999.062439,207
19,999.145264,999.116089,999.125183,999.063538,207
20,999.144836,999.114868,999.121948,999.061035,207
mu,0.162842,0.158875,0.264954,0.003601,194.25
sd,0.004593,0.004602,0.0048,0.005134,25.5
Q,0.425612,,,,
,,,,,
,,,,,
Nov  5 2021 16:20:41,Pump Off Samples,N=15,,,
n,In,Mid,Out,Ambient,t (ms)
1,998.990295,998.965698,998.866638,999.063232,9
2,998.989868,998.963989,998.865723,999.064148,153
3,998.99054,998.965088,998.867249,999.065369,207
4,998.989624,998.964783,998.866394,999.0625,211
5,998.987671,998.964478,998.866821,999.063721,203
6,998.988586,998.966309,998.865173,999.062866,207
7,998.990601,998.965332,998.865723,999.061707,207
8,998.990234,998.964844,998.865051,999.062561,207
9,998.987793,998.965454,998.866699,999.062317,207
10,998.990173,998.964539,998.863098,999.062988,207
11,998.987183,998.9646,998.864075,999.063232,206
12,998.987549,998.965149,998.862976,999.062805,207
13,998.987976,998.965088,998.864929,999.061035,207
14,998.987915,998.96344,998.864014,999.061707,207
15,998.988831,998.962524,998.864319,999.060913,207
Nov  5 2021 16:20:41,flow rate=0.28,N=20,,,
n,In,Mid,Out,Ambient,t (ms)
1,999.143433,999.115234,999.116455,999.05719,9
2,999.139221,999.111816,999.119446,999.054932,186
3,999.143066,999.114685,999.114502,999.053955,207
4,999.139893,999.112915,999.117493,999.055786,207
5,999.137268,999.109436,999.114441,999.052673,207
6,999.133179,999.107483,999.115295,999.052734,207
7,999.134583,999.110718,999.112976,999.051514,207
8,999.136169,999.105774,999.114136,999.052673,206
9,999.134033,999.105957,999.112061,999.051819,207
10,999.137573,999.107971,999.114502,999.05072,207
11,999.137451,999.110413,999.111572,999.050781,207
12,999.139526,999.10968,999.113586,999.053345,207
13,999.138123,999.110596,999.11615,999.051147,207
14,999.138123,999.111633,999.115845,999.054382,207
15,999.138733,999.110779,999.11969,999.052368,207
16,999.143921,999.112549,999.121033,999.055298,207
17,999.141846,999.110291,999.11969,999.057007,207
18,999.143372,999.112976,999.121704,999.057007,207
19,999.146301,999.116455,999.122742,999.059509,207
20,999.143494,999.114136,999.119751,999.056946,207
mu,0.151306,0.148743,0.250427,-0.008423,201.75
sd,0.002155,0.001579,0.002063,0.001372,10.5
Q,0.416703,,,,
,,,,,
,,,,,
Nov  5 2021 16:22:01,Pump Off Samples,N=15,,,
n,In,Mid,Out,Ambient,t (ms)
1,998.999939,998.966248,998.875488,999.074036,9
2,998.999939,998.966797,998.873962,999.073425,168
3,998.999207,998.965759,998.872864,999.07135,207
4,998.997131,998.966858,998.872131,999.072632,211
5,998.997803,998.966431,998.871643,999.072021,203
6,998.998413,998.965759,998.872681,999.073303,207
7,998.997498,998.965027,998.87085,999.071228,207
8,998.993958,998.964661,998.872437,999.070496,207
9,998.998047,998.965027,998.87146,999.07196,207
10,998.997314,998.965332,998.871643,999.072998,207
11,998.997131,998.964233,998.872742,999.071411,207
12,998.994995,998.964478,998.872192,999.071045,207
13,998.995483,998.966248,998.870728,999.070801,207
14,998.997742,998.964844,998.870361,999.072571,211
15,998.996948,998.964294,998.870239,999.070374,203
Nov  5 2021 16:22:01,flow rate=0.33,N=20,,,
n,In,Mid,Out,Ambient,t (ms)
1,999.163757,999.131104,999.148743,999.06073,9
2,999.162842,999.129944,999.148926,999.059753,190
3,999.163696,999.130493,999.152161,999.058228,207
4,999.161743,999.131653,999.145142,999.056824,207
5,999.161621,999.126892,999.151245,999.056946,207
6,999.161804,999.127563,999.148926,999.058105,207
7,999.163879,999.132813,999.147583,999.057861,207
8,999.162476,999.127441,999.14679,999.055176,207
9,999.160156,999.128113,999.148071,999.055298,207
10,999.160095,999.129761,999.14624,999.055481,207
11,999.160156,999.128418,999.140137,999.054626,207
12,999.160217,999.125732,999.14209,999.054626,207
13,999.159241,999.123352,999.148682,999.054932,207
14,999.157593,999.127319,999.145325,999.054382,207
15,999.1604,999.125732,999.14563,999.054993,207
16,999.16095,999.124512,999.146484,999.05365,207
17,999.161926,999.125854,999.147278,999.054688,207
18,999.161499,999.125,999.147949,999.056091,207
19,999.156433,999.12677,999.14563,999.054321,207
20,999.158264,999.125488,999.141235,999.055603,207
mu,0.16394,0.164368,0.275085,-0.013977,202.75
sd,0.000944,0.000741,0.002869,0.001717,8.5
Q,0.434819,,,,
,,,,,
,,,,,
Nov  5 2021 16:23:04,Pump Off Samples,N=15,,,
n,In,Mid,Out,Ambient,t (ms)
1,998.987244,998.956665,998.860291,999.062561,9
2,998.989014,998.957764,998.859863,999.060913,202
3,998.987976,998.95343,998.860413,999.0625,208
4,998.987549,998.954773,998.861572,999.060791,211
5,998.988098,998.956299,998.860229,999.060852,204
6,998.988098,998.954773,998.861084,999.061646,208
7,998.988586,998.956665,998.861511,999.061951,207
8,998.987793,998.95697,998.861572,999.059814,208
9,998.987549,998.957336,998.860718,999.063416,207
10,998.987427,998.957031,998.861694,999.059631,208
11,998.987122,998.954224,998.861267,999.060364,208
12,998.988647,998.955322,998.858887,999.061951,207
13,998.986389,998.956299,998.862183,999.063232,208
14,998.989197,998.956543,998.863037,999.062805,211
15,998.989868,998.954285,998.861938,999.062683,204
Nov  5 2021 16:23:04,flow rate=0.33,N=20,,,
n,In,Mid,Out,Ambient,t (ms)
1,999.156067,999.124268,999.140625,999.063538,9
2,999.159058,999.127686,999.145874,999.061462,172
3,999.158936,999.128906,999.148804,999.060547,207
4,999.160461,999.127563,999.147644,999.059692,207
5,999.158508,999.129211,999.150208,999.059509,207
6,999.159668,999.128357,999.147278,999.060364,207
7,999.161072,999.131104,999.149292,999.06073,207
8,999.157898,999.127686,999.149597,999.060059,207
9,999.157837,999.125244,999.145569,999.061096,207
10,999.158936,999.128662,999.143799,999.059448,172
11,999.159912,999.128723,999.141968,999.059082,207
12,999.157837,999.125366,999.144348,999.058655,208
13,999.161621,999.126465,999.145264,999.059204,207
14,999.160706,999.12677,999.146301,999.059753,207
15,999.161804,999.128967,999.151428,999.060181,207
16,999.161804,999.130554,999.150635,999.060059,207
17,999.16272,999.127747,999.147949,999.059143,207
18,999.162598,999.128174,999.149597,999.060852,207
19,999.160706,999.126648,999.144836,999.059937,207
20,999.160339,999.12616,999.147278,999.058533,208
mu,0.170654,0.171387,0.285217,-0.000427,198.25
sd,0.001844,0.001987,0.003614,0.001652,17.5
Q,0.440889,,,,
,,,,,
,,,,,
Nov  5 2021 16:23:47,Pump Off Samples,N=15,,,
n,In,Mid,Out,Ambient,t (ms)
1,998.970398,998.940674,998.844788,999.045166,10
2,998.96936,998.941589,998.845703,999.044922,195
3,998.969116,998.940002,998.846802,999.045471,207
4,998.969604,998.941406,998.845947,999.044739,211
5,998.969482,998.942017,998.845947,999.046631,203
6,998.96936,998.940674,998.84491,999.046509,207
7,998.969849,998.941223,998.84491,999.045654,207
8,998.969971,998.941467,998.84552,999.044128,207
9,998.96936,998.939819,998.844116,999.044373,208
10,998.967407,998.939636,998.844788,999.044312,207
11,998.967834,998.939209,998.843445,999.043518,104
12,998.967163,998.939392,998.844238,999.042053,207
13,998.966248,998.93689,998.842285,999.043335,207
14,998.966797,998.936707,998.844116,999.041748,211
15,998.967041,998.93634,998.843262,999.0401,194
Nov  5 2021 16:23:47,flow rate=0.38,N=20,,,
n,In,Mid,Out,Ambient,t (ms)
1,999.192322,999.166382,999.214233,999.033569,10
2,999.190918,999.163818,999.21698,999.034912,180
3,999.196716,999.163147,999.215027,999.033936,207
4,999.191956,999.162903,999.211182,999.033813,207
5,999.196228,999.166382,999.217957,999.033264,206
6,999.19397,999.164673,999.219849,999.033936,208
7,999.1922,999.164612,999.21698,999.032654,206
8,999.197021,999.168762,999.223267,999.036194,207
9,999.193909,999.164124,999.213928,999.035767,208
10,999.192627,999.162903,999.212646,999.035767,206
11,999.193848,999.165527,999.214539,999.0354,208
12,999.194519,999.166565,999.217957,999.033142,206
13,999.193054,999.165466,999.213745,999.03479,208
14,999.193298,999.165161,999.214294,999.032166,206
15,999.191956,999.164246,999.215088,999.032959,207
16,999.192749,999.160461,999.211792,999.031311,207
17,999.192505,999.160706,999.214844,999.031555,207
18,999.191895,999.15802,999.215088,999.031799,207
19,999.190796,999.161804,999.212891,999.030457,207
20,999.191223,999.163513,999.213989,999.030762,207
mu,0.223389,0.223145,0.368591,-0.010986,200
sd,0.002562,0.001594,0.00241,0.00059,13.34
Q,0.49837,,,,
,,,,,
,,,,,
Nov  5 2021 16:24:40,Pump Off Samples,N=15,,,
n,In,Mid,Out,Ambient,t (ms)
1,998.943359,998.915833,998.818054,999.018799,9
2,998.944702,998.916504,998.81958,999.019043,188
3,998.942566,998.913818,998.818176,999.018433,207
4,998.94397,998.914368,998.819275,999.019348,210
5,998.943848,998.914978,998.817871,999.019287,204
6,998.943604,998.914978,998.817505,999.018311,207
7,998.94458,998.915771,998.819214,999.019043,207
8,998.943176,998.916626,998.818054,999.018494,207
9,998.944763,998.917419,998.817444,999.018433,207
10,998.944763,998.918152,998.820068,999.019897,207
11,998.946106,998.917908,998.819214,999.018494,207
12,998.947632,998.918823,998.819702,999.020081,207
13,998.947021,998.917786,998.820618,999.020081,208
14,998.944214,998.916321,998.818359,999.018616,210
15,998.945251,998.915222,998.819458,999.020264,204
Nov  5 2021 16:24:40,flow rate=0.38,N=20,,,
n,In,Mid,Out,Ambient,t (ms)
1,999.173279,999.147644,999.196777,999.015991,9
2,999.171875,999.14679,999.193298,999.016479,147
3,999.174683,999.146729,999.197327,999.014038,207
4,999.175232,999.147278,999.19751,999.015686,207
5,999.173828,999.147888,999.194702,999.014465,207
6,999.17688,999.148193,999.197449,999.015381,206
7,999.176147,999.147949,999.193298,999.015686,208
8,999.176025,999.148926,999.200012,999.015869,206
9,999.178528,999.151978,999.201111,999.015015,207
10,999.177429,999.153748,999.200562,999.01593,207
11,999.178589,999.151733,999.200562,999.014771,207
12,999.176025,999.148743,999.198608,999.013733,207
13,999.178589,999.151245,999.200012,999.014465,207
14,999.179199,999.151001,999.205444,999.014038,207
15,999.181152,999.15033,999.203064,999.013916,207
16,999.177795,999.147583,999.200256,999.012878,207
17,999.177734,999.149292,999.19873,999.012756,210
18,999.177368,999.150085,999.201721,999.013733,203
19,999.178345,999.151184,999.203125,999.016174,207
20,999.178589,999.151733,999.20343,999.015076,207
mu,0.230225,0.231995,0.377441,-0.003357,192
sd,0.001507,0.000433,0.001978,0.00106,30
Q,0.49837,,,,
,,,,,
,,,,,
Nov  5 2021 16:25:36,Pump Off Samples,N=15,,,
n,In,Mid,Out,Ambient,t (ms)
1,998.923645,998.895142,998.796692,998.9953,9
2,998.922729,998.89502,998.795776,998.995178,179
3,998.924316,998.895081,998.796509,998.994629,206
4,998.923828,998.894714,998.796021,998.995361,207
5,998.923645,998.894836,998.795837,998.994507,207
6,998.926575,998.896545,998.796875,998.993774,207
7,998.925537,998.894592,998.797607,998.994873,207
8,998.924988,998.895325,998.798096,998.995239,207
9,998.927368,998.896851,998.796326,998.997253,163
10,998.927002,998.898071,998.796509,998.994507,207
11,998.925232,998.897827,998.796387,998.992798,207
12,998.924561,998.895325,998.794312,998.993835,207
13,998.923523,998.896423,998.794556,998.991821,207
14,998.925415,998.89502,998.796387,998.993042,208
15,998.926392,998.893982,998.795959,998.993591,207
Nov  5 2021 16:25:36,flow rate=0.42,N=20,,,
n,In,Mid,Out,Ambient,t (ms)
1,999.186951,999.164124,999.223572,998.99469,9
2,999.191101,999.162048,999.224609,998.992676,175
3,999.193176,999.160706,999.227417,998.993347,207
4,999.193054,999.164307,999.227966,998.992554,207
5,999.190369,999.161621,999.224365,998.992493,207
6,999.187988,999.162964,999.224548,998.993347,193
7,999.188538,999.158997,999.221619,998.990723,208
8,999.189148,999.161621,999.223999,998.992798,207
9,999.188416,999.159363,999.221436,998.993103,207
10,999.192627,999.160461,999.227173,998.992737,208
11,999.193604,999.161743,999.226257,998.990845,208
12,999.190674,999.165405,999.228149,998.989868,207
13,999.193604,999.165466,999.227783,998.990417,208
14,999.190002,999.168152,999.226807,998.990967,207
15,999.191895,999.163147,999.229736,998.990479,208
16,999.192139,999.163696,999.228333,998.988464,207
17,999.189392,999.167175,999.227661,998.98938,212
18,999.190063,999.165771,999.225952,998.991821,203
19,999.192505,999.164246,999.232361,998.991028,208
20,999.18866,999.167725,999.228699,998.991821,208
mu,0.267456,0.267761,0.429687,-0.001831,199
sd,0.002907,0.00173,0.002135,0.00098,16
Q,0.525845,,,,
,,,,,
,,,,,
Nov  5 2021 16:26:11,Pump Off Samples,N=15,,,
n,In,Mid,Out,Ambient,t (ms)
1,998.912292,998.8797,998.78595,998.984741,10
2,998.914612,998.880615,998.784363,998.981873,163
3,998.914978,998.878418,998.786499,998.983826,208
4,998.911011,998.880371,998.786926,998.985779,207
5,998.913147,998.880127,998.787476,998.98407,207
6,998.913147,998.879456,998.786194,998.984436,207
7,998.915283,998.879944,998.78772,998.984436,208
8,998.914795,998.878967,998.787964,998.983459,207
9,998.912598,998.878723,998.787476,998.98291,207
10,998.91217,998.878662,998.786621,998.983826,207
11,998.912659,998.879822,998.787415,998.985779,208
12,998.91272,998.879822,998.785767,998.984985,207
13,998.916199,998.88208,998.788513,998.985535,207
14,998.917114,998.882324,998.790283,998.985596,207
15,998.91626,998.880615,998.789551,998.983826,207
Nov  5 2021 16:26:11,flow rate=0.42,N=20,,,
n,In,Mid,Out,Ambient,t (ms)
1,999.186584,999.159668,999.231201,998.991699,9
2,999.188904,999.159546,999.226929,998.991333,198
3,999.192505,999.164551,999.235718,998.991455,207
4,999.19281,999.161804,999.232666,998.991272,207
5,999.1922,999.166748,999.234924,998.991089,207
6,999.195068,999.167603,999.234375,998.991394,207
7,999.191223,999.164307,999.236389,998.991821,211
8,999.190369,999.162354,999.232483,998.992126,203
9,999.193176,999.16571,999.239746,998.993042,207
10,999.194824,999.166382,999.237732,998.991028,207
11,999.195007,999.166199,999.231934,998.993774,207
12,999.193726,999.164368,999.233582,998.991699,207
13,999.192749,999.167725,999.234131,998.991638,207
14,999.193115,999.166565,999.234436,998.992004,207
15,999.193909,999.164917,999.232666,998.992004,207
16,999.195068,999.165161,999.232605,998.98938,207
17,999.19281,999.163696,999.230774,998.990601,210
18,999.193176,999.168335,999.234192,998.989746,204
19,999.193726,999.164795,999.235107,998.990417,207
20,999.194397,999.168518,999.237976,998.990295,206
mu,0.276978,0.281677,0.445679,0.007385,204.75
sd,0.002993,0.002348,0.003655,0.00019,4.5
Q,0.529204,,,,
,,,,,
,,,,,
Nov  5 2021 16:26:52,Pump Off Samples,N=15,,,
n,In,Mid,Out,Ambient,t (ms)
1,998.909912,998.877319,998.783142,998.982605,9
2,998.907593,998.876099,998.783142,998.981262,144
3,998.909058,998.876648,998.782043,998.981567,207
4,998.908691,998.874939,998.782959,998.980713,207
5,998.907654,998.876404,998.781555,998.983215,207
6,998.907349,998.877991,998.782593,998.982605,207
7,998.908936,998.877502,998.783447,998.98291,207
8,998.9104,998.874084,998.780884,998.982361,207
9,998.909119,998.873962,998.780884,998.981506,207
10,998.909241,998.875244,998.779358,998.980652,207
11,998.909058,998.875793,998.780701,998.981384,207
12,998.908142,998.875488,998.78125,998.980164,206
13,998.908569,998.87439,998.778931,998.979248,208
14,998.908569,998.873962,998.778748,998.981018,206
15,998.905701,998.875488,998.777832,998.979126,207
Nov  5 2021 16:26:52,flow rate=0.47,N=20,,,
n,In,Mid,Out,Ambient,t (ms)
1,999.193848,999.169739,999.263855,998.957092,9
2,999.192871,999.16803,999.258057,998.955627,155
3,999.193054,999.168701,999.257446,998.955933,206
4,999.197205,999.174133,999.262573,998.956726,207
5,999.196045,999.174988,999.262817,998.956726,207
6,999.194214,999.166748,999.257874,998.957581,207
7,999.196533,999.170715,999.259399,998.957275,211
8,999.195557,999.169739,999.263977,998.957214,203
9,999.197327,999.171143,999.263184,998.957214,207
10,999.19458,999.170837,999.261108,998.955566,207
11,999.198181,999.175232,999.26593,998.953064,149
12,999.199036,999.172791,999.263184,998.955261,207
13,999.194702,999.171692,999.264709,998.956543,207
14,999.194397,999.17218,999.263123,998.956848,207
15,999.195923,999.168579,999.265076,998.955261,207
16,999.19397,999.168823,999.260925,998.95343,207
17,999.194092,999.171509,999.263306,998.955688,210
18,999.192505,999.168457,999.260559,998.955383,203
19,999.192017,999.168701,999.258728,998.954773,207
20,999.19342,999.168213,999.262024,998.953064,207
mu,0.285461,0.293823,0.477661,-0.025146,193.75
sd,0.002019,0.002747,0.003207,0.000681,25.84
Q,0.560295,,,,
,,,,,
,,,,,
Nov  5 2021 16:28:00,Pump Off Samples,N=15,,,
n,In,Mid,Out,Ambient,t (ms)
1,998.878601,998.846069,998.750488,998.954163,9
2,998.879517,998.845337,998.751892,998.954529,172
3,998.876648,998.845154,998.752686,998.953674,207
4,998.879395,998.845886,998.751221,998.953369,207
5,998.878357,998.846191,998.752014,998.95282,207
6,998.878174,998.846191,998.752014,998.953369,207
7,998.876892,998.846619,998.750732,998.95282,207
8,998.876709,998.844666,998.749695,998.952026,207
9,998.877197,998.84552,998.75061,998.950439,207
10,998.877991,998.846436,998.751953,998.949829,206
11,998.875305,998.844482,998.750854,998.950562,207
12,998.876099,998.842346,998.748901,998.949463,207
13,998.875854,998.843201,998.748413,998.948486,207
14,998.875244,998.841614,998.746338,998.947876,207
15,998.875,998.842529,998.746704,998.947754,207
Nov  5 2021 16:28:00,flow rate=0.47,N=20,,,
n,In,Mid,Out,Ambient,t (ms)
1,999.189697,999.160767,999.247314,998.951721,10
2,999.190002,999.163147,999.255554,998.951355,208
3,999.187134,999.164368,999.25708,998.950989,207
4,999.193665,999.164551,999.257996,998.950439,208
5,999.190613,999.165405,999.256592,998.951233,207
6,999.190857,999.165222,999.259399,998.951233,208
7,999.188904,999.160156,999.2547,998.949585,213
8,999.190002,999.166931,999.263855,998.951416,204
9,999.193115,999.163696,999.257263,998.950073,207
10,999.194092,999.167908,999.262085,998.950806,207
11,999.192993,999.16626,999.264221,998.949707,207
12,999.192993,999.169189,999.264587,998.950989,207
13,999.194824,999.165527,999.26123,998.951111,208
14,999.191467,999.17041,999.264526,998.951416,208
15,999.193359,999.167419,999.261108,998.953674,207
16,999.192444,999.171021,999.259521,998.950867,208
17,999.193542,999.164673,999.260681,998.949402,211
18,999.195801,999.165649,999.264832,998.952393,204
19,999.192566,999.171814,999.265015,998.952515,207
20,999.190063,999.164795,999.25946,998.952209,208
mu,0.311584,0.317566,0.50293,-0.002808,207.5
sd,0.002688,0.001743,0.004886,0.000547,0.58
Q,0.562616,,,,
,,,,,
,,,,,
Nov  5 2021 16:28:53,Pump Off Samples,N=15,,,
n,In,Mid,Out,Ambient,t (ms)
1,998.877197,998.844849,998.744751,998.950134,9
2,998.876648,998.844482,998.7453,998.950439,178
3,998.874268,998.84259,998.746948,998.950989,207
4,998.875,998.844971,998.747192,998.951111,207
5,998.875244,998.844238,998.745056,998.948303,207
6,998.87384,998.844299,998.744873,998.948914,207
7,998.872559,998.844543,998.745361,998.949402,207
8,998.874268,998.843933,998.74408,998.950928,207
9,998.874512,998.845154,998.745483,998.94873,207
10,998.873108,998.845459,998.744873,998.951172,207
11,998.873779,998.84375,998.744446,998.948608,207
12,998.875,998.845459,998.74292,998.948303,207
13,998.873779,998.84436,998.743103,998.948853,207
14,998.872009,998.843567,998.743408,998.947815,207
15,998.871948,998.844238,998.742981,998.947815,207
Nov  5 2021 16:28:53,flow rate=0.47,N=20,,,
n,In,Mid,Out,Ambient,t (ms)
1,999.181152,999.158264,999.240845,998.947449,9
2,999.182129,999.157043,999.245056,998.950134,203
3,999.17865,999.163025,999.242554,998.949585,208
4,999.178894,999.156494,999.243958,998.947998,207
5,999.177124,999.155518,999.235107,998.949707,207
6,999.177734,999.15979,999.242493,998.949036,208
7,999.180237,999.162354,999.246643,998.950378,211
8,999.182373,999.159546,999.239075,998.950012,204
9,999.183594,999.15686,999.244629,998.949707,207
10,999.179688,999.161255,999.250061,998.948364,208
11,999.183105,999.16095,999.246704,998.949707,207
12,999.182739,999.163147,999.249268,998.948853,207
13,999.183533,999.16156,999.253357,998.94928,208
14,999.184204,999.161621,999.247986,998.950562,207
15,999.186646,999.160645,999.247009,998.94635,207
16,999.184509,999.162964,999.255493,998.946716,207
17,999.187561,999.16217,999.25,998.947327,212
18,999.187012,999.16095,999.251038,998.94635,203
19,999.182678,999.16626,999.252258,998.943665,208
20,999.188904,999.16687,999.251648,998.944763,207
mu,0.304443,0.314453,0.497131,-0.001892,206.25
sd,0.001707,0.002972,0.001821,0.001273,2.22
Q,0.558525,,,,
,,,,,
,,,,,
Nov  5 2021 16:30:03,Pump Off Samples,N=15,,,
n,In,Mid,Out,Ambient,t (ms)
1,998.870178,998.837585,998.744141,998.944824,9
2,998.869202,998.839783,998.744751,998.944458,166
3,998.870728,998.8396,998.744629,998.942505,207
4,998.870056,998.837341,998.744324,998.941895,207
5,998.869385,998.836792,998.7453,998.94342,207
6,998.868774,998.838745,998.743652,998.946045,207
7,998.870178,998.838379,998.742981,998.942993,207
8,998.869446,998.838806,998.743835,998.943542,207
9,998.870239,998.835083,998.743835,998.943359,207
10,998.869751,998.836182,998.743042,998.942444,207
11,998.867249,998.837097,998.742737,998.94281,207
12,998.867798,998.837036,998.74115,998.944214,206
13,998.865234,998.834778,998.738342,998.938599,207
14,998.864685,998.832886,998.737488,998.936462,207
15,998.862061,998.831421,998.735413,998.935791,207
Nov  5 2021 16:30:03,flow rate=0.52,N=20,,,
n,In,Mid,Out,Ambient,t (ms)
1,999.229431,999.204529,999.326538,998.944275,9
2,999.229431,999.207214,999.333069,998.942993,200
3,999.234314,999.214661,999.330933,998.944763,206
4,999.231567,999.208252,999.330627,998.943726,207
5,999.240234,999.213257,999.338379,998.943115,207
6,999.236267,999.214783,999.340576,998.940918,207
7,999.234558,999.210571,999.335449,998.943176,207
8,999.236145,999.212341,999.338257,998.941711,207
9,999.237122,999.214294,999.338928,998.94281,207
10,999.236267,999.215698,999.344055,998.940796,207
11,999.238647,999.217041,999.335205,998.940552,207
12,999.239746,999.215637,999.342957,998.94281,207
13,999.240417,999.217407,999.343689,998.941406,206
14,999.238647,999.217041,999.339539,998.943115,207
15,999.236938,999.220764,999.338745,998.941101,207
16,999.239929,999.21228,999.34552,998.941223,207
17,999.239624,999.213257,999.342896,998.94165,207
18,999.241394,999.217957,999.344482,998.943848,207
19,999.241577,999.213196,999.336548,998.941406,207
20,999.23999,999.221802,999.340698,998.940796,207
mu,0.361145,0.370056,0.585876,0.000549,205
sd,0.002316,0.004295,0.002728,0.000761,3.37
Q,0.60708,,,,
,,,,,
,,,,,
Nov  5 2021 16:30:44,Pump Off Samples,N=15,,,
n,In,Mid,Out,Ambient,t (ms)
1,998.861816,998.833496,998.736389,998.936401,9
2,998.861938,998.83374,998.738525,998.938293,198
3,998.863586,998.83374,998.737488,998.938599,207
4,998.863647,998.835693,998.736633,998.936707,207
5,998.862793,998.833435,998.738892,998.936584,207
6,998.862244,998.834717,998.737671,998.93689,207
7,998.86322,998.835693,998.738647,998.936951,207
8,998.860596,998.834717,998.738586,998.935608,208
9,998.862061,998.830933,998.738281,998.93335,207
10,998.860535,998.830627,998.736633,998.931641,207
11,998.858643,998.828125,998.735413,998.931274,207
12,998.855408,998.825439,998.73468,998.92804,207
13,998.855225,998.824219,998.729065,998.926086,212
14,998.853699,998.822632,998.728699,998.927124,203
15,998.850708,998.823425,998.728455,998.924744,207
Nov  5 2021 16:30:44,flow rate=0.52,N=20,,,
n,In,Mid,Out,Ambient,t (ms)
1,999.206177,999.182678,999.304749,998.921326,9
2,999.205688,999.181458,999.302002,998.92041,134
3,999.205627,999.18219,999.304932,998.920715,207
4,999.208374,999.186462,999.304504,998.921509,208
5,999.206299,999.187195,999.307129,998.921875,207
6,999.210876,999.182861,999.308289,998.922119,207
7,999.208679,999.182434,999.306946,998.923584,211
8,999.20282,999.185181,999.308594,998.921875,203
9,999.207825,999.187195,999.306702,998.923584,207
10,999.20813,999.183838,999.310791,998.922607,208
11,999.209473,999.187195,999.307373,998.921692,207
12,999.209229,999.182495,999.305725,998.922363,207
13,999.209534,999.187744,999.308533,998.922607,208
14,999.215637,999.189148,999.313599,998.922974,207
15,999.212646,999.186462,999.320496,998.92218,207
16,999.214539,999.189392,999.319702,998.920959,207
17,999.213989,999.188904,999.321228,998.923523,211
18,999.215637,999.191345,999.315491,998.923523,204
19,999.210999,999.192444,999.317444,998.921082,207
20,999.21405,999.191406,999.313599,998.92334,207
mu,0.343628,0.34906,0.566772,-0.016541,189
sd,0.001296,0.002234,0.001375,0.000515,36.67
Q,0.609735,,,,
,,,,,
,,,,,
Nov  5 2021 16:31:40,Pump Off Samples,N=15,,,
n,In,Mid,Out,Ambient,t (ms)
1,998.869995,998.841187,998.745728,998.944153,9
2,998.870728,998.841797,998.744629,998.944214,190
3,998.871033,998.841003,998.743042,998.944824,211
4,998.871338,998.840576,998.74469,998.943848,202
5,998.871155,998.841431,998.744385,998.945007,207
6,998.870605,998.840393,998.74292,998.944702,207
7,998.870728,998.843384,998.743347,998.945679,165
8,998.872437,998.841309,998.745728,998.943726,207
9,998.872437,998.840027,998.74353,998.943115,207
10,998.874817,998.840576,998.743835,998.945129,208
11,998.872559,998.838684,998.744995,998.944092,207
12,998.873047,998.840027,998.745361,998.942749,207
13,998.872986,998.838928,998.744934,998.942322,211
14,998.870605,998.840088,998.742188,998.942322,204
15,998.871033,998.840027,998.743896,998.944214,207
Nov  5 2021 16:31:40,flow rate=0.57,N=20,,,
n,In,Mid,Out,Ambient,t (ms)
1,999.258606,999.239868,999.366272,998.949585,9
2,999.259155,999.235535,999.376465,998.94873,136
3,999.257751,999.241028,999.373962,998.947815,207
4,999.258423,999.23822,999.372253,998.94751,207
5,999.259155,999.237244,999.377441,998.948486,207
6,999.26001,999.239502,999.377686,998.949402,207
7,999.259949,999.244873,999.383667,998.949036,207
8,999.262512,999.243103,999.383423,998.950684,206
9,999.263489,999.243286,999.37384,998.952209,207
10,999.263489,999.241821,999.382874,998.951904,207
11,999.267883,999.2453,999.380371,998.952393,207
12,999.269226,999.242188,999.387878,998.953369,207
13,999.263977,999.241577,999.384583,998.950562,207
14,999.263733,999.240845,999.384155,998.94928,207
15,999.268188,999.238464,999.381897,998.950012,207
16,999.264587,999.237122,999.381165,998.949463,207
17,999.266418,999.243347,999.382874,998.949219,207
18,999.262085,999.24292,999.386353,998.949524,207
19,999.260986,999.238037,999.385925,998.948608,207
20,999.266235,999.243774,999.382263,998.949219,207
mu,0.387756,0.397522,0.627747,0.00415,189.25
sd,0.000583,0.002382,0.004337,0.00094,35.5
Q,0.627011,,,,
,,,,,
,,,,,
Nov  5 2021 16:32:22,Pump Off Samples,N=15,,,
n,In,Mid,Out,Ambient,t (ms)
1,998.854431,998.823608,998.728821,998.93042,9
2,998.856323,998.824707,998.728699,998.929443,170
3,998.856323,998.825073,998.729309,998.928833,211
4,998.857971,998.827942,998.728699,998.929321,203
5,998.856323,998.828491,998.73053,998.928772,207
6,998.856628,998.827576,998.729126,998.929382,207
7,998.858154,998.827637,998.730408,998.932251,207
8,998.858032,998.828857,998.731323,998.931152,207
9,998.856873,998.831116,998.731873,998.931091,206
10,998.858582,998.830627,998.731079,998.933655,207
11,998.85968,998.828735,998.733521,998.932861,207
12,998.861694,998.830322,998.733337,998.933838,207
13,998.864319,998.832031,998.734436,998.934692,211
14,998.863342,998.832397,998.735168,998.934937,203
15,998.862488,998.829834,998.736511,998.936646,207
Nov  5 2021 16:32:22,flow rate=0.57,N=20,,,
n,In,Mid,Out,Ambient,t (ms)
1,999.246887,999.224792,999.367432,998.936279,10
2,999.248413,999.225403,999.369385,998.935608,208
3,999.247253,999.224548,999.366089,998.93634,208
4,999.25,999.226624,999.362183,998.936096,207
5,999.249512,999.226196,999.372314,998.937134,207
6,999.251404,999.232422,999.367676,998.939148,208
7,999.250244,999.227173,999.375244,998.936157,211
8,999.252197,999.230957,999.370544,998.93634,203
9,999.249146,999.228699,999.36615,998.9375,207
10,999.25,999.2276,999.369629,998.936035,208
11,999.248657,999.231262,999.366272,998.934998,207
12,999.247681,999.226379,999.370483,998.936401,207
13,999.248901,999.2229,999.366882,998.934998,207
14,999.247681,999.226563,999.371399,998.936462,208
15,999.250244,999.225464,999.368286,998.934692,207
16,999.248413,999.225525,999.37384,998.933899,208
17,999.247009,999.224854,999.372803,998.933289,207
18,999.247864,999.228699,999.370361,998.930847,207
19,999.247253,999.227722,999.370361,998.932434,208
20,999.247742,999.224976,999.365234,998.933411,207
mu,0.391968,0.400024,0.637451,0.006592,207.5
sd,0.001402,0.000927,0.003044,0.000336,0.58
Q,0.636743,,,,
,,,,,
,,,,,
Nov  5 2021 16:36:43,Pump Off Samples,N=15,,,
n,In,Mid,Out,Ambient,t (ms)
1,998.855225,998.827393,998.731201,998.933594,9
2,998.853882,998.827637,998.730103,998.932129,166
3,998.856079,998.82666,998.72937,998.934143,214
4,998.859375,998.82843,998.732483,998.931274,200
5,998.858276,998.828918,998.732117,998.93103,207
6,998.857422,998.830383,998.730225,998.932678,207
7,998.857178,998.831726,998.732178,998.931946,207
8,998.858582,998.832764,998.734741,998.933838,207
9,998.859192,998.830139,998.733887,998.934326,207
10,998.859131,998.830688,998.734314,998.935486,206
11,998.85553,998.829834,998.733765,998.935242,208
12,998.85968,998.83197,998.73584,998.935364,207
13,998.858215,998.831177,998.734924,998.93573,212
14,998.858215,998.831787,998.737427,998.936035,202
15,998.859741,998.834351,998.73999,998.93689,206
Nov  5 2021 16:36:43,flow rate=0.61,N=20,,,
n,In,Mid,Out,Ambient,t (ms)
1,999.270752,999.25531,999.417908,998.942505,10
2,999.275757,999.256226,999.422363,998.942993,127
3,999.28479,999.269592,999.433838,998.94342,207
4,999.280029,999.262024,999.430542,998.941895,208
5,999.28125,999.261902,999.432678,998.941467,207
6,999.281494,999.262268,999.429382,998.940674,207
7,999.279907,999.261353,999.434204,998.941345,211
8,999.284302,999.264771,999.431335,998.941345,203
9,999.284424,999.266785,999.432739,998.940491,208
10,999.285889,999.266113,999.431824,998.940063,207
11,999.283752,999.264526,999.432495,998.941772,207
12,999.280518,999.269165,999.432251,998.941589,207
13,999.285706,999.267761,999.435303,998.940491,208
14,999.287109,999.267395,999.440491,998.938965,207
15,999.287842,999.264893,999.435303,998.938843,207
16,999.289551,999.268127,999.435364,998.941956,207
17,999.288818,999.270447,999.437256,998.940002,207
18,999.287598,999.264832,999.4375,998.942017,208
19,999.284607,999.268799,999.431641,998.940491,207
20,999.287109,999.270691,999.441772,998.939453,207
mu,0.421692,0.433228,0.695374,0.009949,187.25
sd,0.005991,0.00658,0.007318,0.000656,40.17
Q,0.669069,,,,
,,,,,
,,,,,
Nov  5 2021 16:37:42,Pump Off Samples,N=15,,,
n,In,Mid,Out,Ambient,t (ms)
1,998.838379,998.811707,998.717041,998.91748,9
2,998.839905,998.813293,998.715454,998.917175,208
3,998.839111,998.811096,998.713928,998.919128,212
4,998.838684,998.810852,998.715698,998.916931,202
5,998.838684,998.811096,998.715942,998.914795,207
6,998.83728,998.811462,998.715393,998.915955,207
7,998.838135,998.810791,998.716187,998.914124,207
8,998.83728,998.809143,998.714661,998.914917,207
9,998.837524,998.809387,998.712891,998.913147,206
10,998.835938,998.807129,998.712524,998.913696,208
11,998.834595,998.8078,998.713135,998.913574,207
12,998.835632,998.806335,998.712341,998.913696,206
13,998.834717,998.80658,998.710938,998.912048,211
14,998.834839,998.805847,998.712341,998.912292,204
15,998.833618,998.808899,998.712585,998.914001,207
Nov  5 2021 16:37:42,flow rate=0.61,N=20,,,
n,In,Mid,Out,Ambient,t (ms)
1,999.252014,999.235107,999.409241,998.913025,10
2,999.25116,999.239868,999.407288,998.914856,172
3,999.253296,999.235718,999.40741,998.914124,207
4,999.256897,999.238281,999.408264,998.91333,207
5,999.253845,999.234985,999.407593,998.913818,207
6,999.257019,999.241089,999.412964,998.912415,207
7,999.256653,999.239319,999.412659,998.913025,207
8,999.253113,999.235474,999.408508,998.9104,207
9,999.25531,999.234741,999.409241,998.908569,207
10,999.251343,999.233521,999.405518,998.908203,207
11,999.253418,999.238525,999.410339,998.911377,207
12,999.259155,999.240784,999.417725,998.91095,207
13,999.258728,999.238586,999.413574,998.911194,207
14,999.255554,999.236084,999.416748,998.910095,207
15,999.255005,999.238464,999.409851,998.911011,207
16,999.256958,999.240173,999.411255,998.911072,207
17,999.259705,999.241882,999.415527,998.913025,207
18,999.253601,999.241394,999.408386,998.910156,207
19,999.255676,999.240967,999.414429,998.911072,207
20,999.25885,999.242493,999.412903,998.911743,207
mu,0.414307,0.425537,0.692444,-0.003906,198.25
sd,0.002528,0.002225,0.000905,0.000824,17.5
Q,0.675117,,,,
,,,,,
,,,,,
Nov  5 2021 16:38:47,Pump Off Samples,N=15,,,
n,In,Mid,Out,Ambient,t (ms)
1,998.830444,998.797974,998.707275,998.906311,9
2,998.830933,998.800232,998.706116,998.904907,170
3,998.830811,998.800293,998.705383,998.904785,211
4,998.830444,998.80127,998.707397,998.905029,203
5,998.830627,998.80304,998.706421,998.906067,207
6,998.830627,998.802246,998.705078,998.904297,206
7,998.828491,998.801392,998.705444,998.905151,207
8,998.828613,998.800232,998.704895,998.904358,208
9,998.829285,998.798096,998.703308,998.90155,206
10,998.829773,998.799072,998.703369,998.901184,207
11,998.827942,998.796326,998.704773,998.901733,207
12,998.828674,998.795288,998.703064,998.899597,207
13,998.82782,998.797363,998.705078,998.900391,211
14,998.829163,998.797668,998.700989,998.902344,203
15,998.827332,998.795654,998.702087,998.899231,207
Nov  5 2021 16:38:47,flow rate=0.66,N=20,,,
n,In,Mid,Out,Ambient,t (ms)
1,999.272949,999.255066,999.453613,998.888855,10
2,999.273499,999.257751,999.455811,998.888123,154
3,999.278748,999.261353,999.467163,998.885925,208
4,999.276184,999.264404,999.458618,998.885925,207
5,999.277283,999.255493,999.460388,998.884277,208
6,999.277649,999.26062,999.46283,998.888062,207
7,999.277039,999.257874,999.456543,998.887268,207
8,999.279663,999.256348,999.462158,998.884277,207
9,999.270447,999.257019,999.463745,998.883728,208
10,999.277832,999.257324,999.460327,998.882446,207
11,999.27478,999.263062,999.463074,998.884216,207
12,999.275452,999.262207,999.458435,998.885986,208
13,999.276306,999.259827,999.463074,998.885132,207
14,999.276611,999.262024,999.468567,998.884766,207
15,999.280457,999.258728,999.467712,998.884277,207
16,999.270935,999.262878,999.457581,998.885681,208
17,999.274841,999.257813,999.456116,998.886414,207
18,999.275696,999.260559,999.461304,998.88678,207
19,999.276733,999.263672,999.466248,998.88562,207
20,999.276794,999.262756,999.464478,998.886536,208
mu,0.444641,0.459717,0.752197,-0.018066,194.25
sd,0.002673,0.004087,0.005939,0.00151,26.84
Q,0.706721,,,,
,,,,,
,,,,,
Nov  5 2021 16:39:32,Pump Off Samples,N=15,,,
n,In,Mid,Out,Ambient,t (ms)
1,998.804382,998.77533,998.677917,998.881042,10
2,998.802124,998.774475,998.679199,998.87854,207
3,998.802673,998.77533,998.679749,998.880493,207
4,998.804077,998.776245,998.68219,998.881348,207
5,998.804749,998.77594,998.681946,998.881042,207
6,998.805481,998.776978,998.683289,998.880066,207
7,998.807129,998.775635,998.680603,998.880371,206
8,998.804199,998.777832,998.681885,998.880859,208
9,998.803894,998.776794,998.683228,998.881348,206
10,998.804382,998.776428,998.681946,998.881958,207
11,998.805603,998.777893,998.682007,998.882324,208
12,998.806702,998.779297,998.682556,998.88208,206
13,998.805054,998.778809,998.68396,998.882263,207
14,998.805847,998.777588,998.683533,998.883545,207
15,998.806702,998.779236,998.68335,998.882202,207
Nov  5 2021 16:39:32,flow rate=0.66,N=20,,,
n,In,Mid,Out,Ambient,t (ms)
1,999.278198,999.262451,999.460449,998.886414,9
2,999.274902,999.258545,999.460449,998.888672,199
3,999.278503,999.267273,999.461853,998.887939,207
4,999.277283,999.262817,999.464478,998.886475,207
5,999.280151,999.260986,999.457886,998.889465,207
6,999.278809,999.258362,999.458374,998.888428,207
7,999.281555,999.26178,999.465393,998.889832,207
8,999.276733,999.26062,999.465088,998.888855,207
9,999.278931,999.259033,999.458679,998.888916,207
10,999.275757,999.252808,999.461548,998.892578,207
11,999.28186,999.263062,999.470093,998.891479,207
12,999.274048,999.255493,999.459778,998.891174,207
13,999.275879,999.258057,999.45697,998.891541,207
14,999.276611,999.259277,999.464661,998.889893,207
15,999.277039,999.262512,999.468018,998.891968,207
16,999.28009,999.26532,999.459473,998.891113,206
17,999.280945,999.262634,999.463501,998.891113,208
18,999.28125,999.264893,999.468445,998.889587,206
19,999.281494,999.262268,999.46875,998.888916,207
20,999.284668,999.268921,999.467041,998.892944,207
mu,0.473877,0.487427,0.782043,0.007019,205
sd,0.001631,0.00357,0.001899,0.001116,4
Q,0.709297,,,,
,,,,,
,,,,,
Nov  5 2021 16:40:11,Pump Off Samples,N=15,,,
n,In,Mid,Out,Ambient,t (ms)
1,998.815186,998.783936,998.688843,998.888489,9
2,998.815186,998.785706,998.68866,998.886475,203
3,998.813721,998.783936,998.687744,998.886108,207
4,998.813843,998.784668,998.687317,998.888733,207
5,998.814453,998.783569,998.687744,998.88562,207
6,998.813721,998.784607,998.689087,998.888062,207
7,998.81427,998.784363,998.690186,998.889526,207
8,998.815552,998.785156,998.689087,998.889221,207
9,998.815186,998.786865,998.689697,998.888367,206
10,998.815308,998.785217,998.686768,998.886414,208
11,998.813416,998.784363,998.687866,998.88623,206
12,998.816711,998.784668,998.689087,998.883911,207
13,998.816345,998.78302,998.688599,998.887207,207
14,998.812988,998.782593,998.686646,998.886658,207
15,998.814819,998.782898,998.687439,998.885803,207
Nov  5 2021 16:40:11,flow rate=0.71,N=20,,,
n,In,Mid,Out,Ambient,t (ms)
1,999.292725,999.278381,999.509155,998.863892,10
2,999.298889,999.275757,999.510559,998.862488,194
3,999.302429,999.28241,999.520386,998.863831,207
4,999.305908,999.286377,999.513489,998.866028,207
5,999.304077,999.281555,999.510986,998.868652,207
6,999.308899,999.28595,999.51593,998.869324,207
7,999.308228,999.285095,999.52124,998.870544,207
8,999.306152,999.289673,999.519897,998.872253,207
9,999.310547,999.290283,999.52417,998.872986,207
10,999.310181,999.297791,999.525574,998.871277,207
11,999.305603,999.291504,999.524658,998.871643,207
12,999.309387,999.296936,999.518738,998.871277,206
13,999.309814,999.289307,999.512329,998.8703,207
14,999.304504,999.288513,999.521118,998.8703,208
15,999.312805,999.291382,999.513123,998.87146,206
16,999.306946,999.288757,999.515137,998.8703,211
17,999.305908,999.286194,999.509277,998.869202,203
18,999.303772,999.289246,999.514038,998.869385,207
19,999.303284,999.288208,999.519775,998.869873,207
20,999.30542,999.289246,999.522644,998.868958,207
mu,0.485535,0.496216,0.825256,-0.023437,203.75
sd,0.005627,0.004653,0.004997,0.001464,6.5
Q,0.749591,,,,
,,,,,
,,,,,
Nov  5 2021 16:41:35,Pump Off Samples,N=15,,,
n,In,Mid,Out,Ambient,t (ms)
1,998.811035,998.782593,998.68811,998.885559,9
2,998.8125,998.783997,998.687683,998.884399,207
3,998.813293,998.783264,998.68811,998.885498,213
4,998.81189,998.783691,998.689392,998.886108,136
5,998.813049,998.784973,998.68689,998.885925,207
6,998.810913,998.783691,998.687012,998.883911,207
7,998.81073,998.785645,998.688416,998.884705,207
8,998.812805,998.78595,998.687866,998.88501,207
9,998.811584,998.784241,998.689758,998.88623,207
10,998.810547,998.784424,998.687561,998.884949,207
11,998.81073,998.785645,998.687744,998.885254,207
12,998.81189,998.785156,998.687439,998.885681,207
13,998.813843,998.785156,998.690186,998.88562,207
14,998.811096,998.783752,998.689636,998.886719,207
15,998.811707,998.785767,998.6875,998.88678,207
Nov  5 2021 16:41:35,flow rate=0.71,N=20,,,
n,In,Mid,Out,Ambient,t (ms)
1,999.30542,999.288269,999.503052,998.880127,9
2,999.313965,999.292053,999.513306,998.881348,182
3,999.315674,999.30188,999.51709,998.879517,207
4,999.317627,999.301392,999.526611,998.878296,207
5,999.313538,999.294189,999.52478,998.879639,208
6,999.317505,999.290649,999.528687,998.877136,207
7,999.313354,999.297485,999.525635,998.878418,207
8,999.317444,999.295471,999.517578,998.877319,208
9,999.321472,999.305481,999.524231,998.876343,207
10,999.314819,999.296326,999.53241,998.878174,208
11,999.313599,999.297485,999.531433,998.87915,207
12,999.315552,999.295532,999.532104,998.877686,207
13,999.31842,999.296387,999.527161,998.878113,207
14,999.315552,999.294006,999.52478,998.878296,208
15,999.310486,999.294434,999.522888,998.877563,207
16,999.317993,999.301392,999.524353,998.877991,211
17,999.311157,999.292908,999.523926,998.878357,204
18,999.314087,999.295837,999.523621,998.877869,207
19,999.318176,999.294983,999.532471,998.881958,207
20,999.32135,999.300476,999.526794,998.88147,208
mu,0.501038,0.512512,0.82666,-0.005493,201
sd,0.00538,0.006806,0.009744,0.001273,12.68
Q,0.732431,,,,
,,,,,
,,,,,
Nov  5 2021 16:43:02,Pump Off Samples,N=15,,,
n,In,Mid,Out,Ambient,t (ms)
1,998.797668,998.767944,998.675964,998.868652,10
2,998.798279,998.769836,998.675598,998.868042,183
3,998.797607,998.767029,998.674683,998.868896,208
4,998.799377,998.767212,998.674194,998.866882,207
5,998.799194,998.768982,998.674561,998.867798,207
6,998.796631,998.768616,998.674133,998.868347,207
7,998.798218,998.767639,998.675476,998.867737,208
8,998.796326,998.768921,998.676636,998.866394,207
9,998.797668,998.769592,998.67688,998.86792,207
10,998.798279,998.768982,998.674988,998.867371,208
11,998.798767,998.768188,998.675415,998.867981,207
12,998.799316,998.766846,998.675537,998.868103,208
13,998.795654,998.767029,998.674438,998.868408,207
14,998.798096,998.767212,998.67572,998.866943,207
15,998.797974,998.768372,998.674316,998.867981,208
Nov  5 2021 16:43:02,flow rate=0.76,N=20,,,
n,In,Mid,Out,Ambient,t (ms)
1,999.359558,999.347168,999.605957,998.878662,10
2,999.362793,999.34375,999.606323,998.879456,189
3,999.361938,999.345764,999.609619,998.878906,207
4,999.367432,999.351379,999.611938,998.880005,207
5,999.363037,999.344055,999.609985,998.880005,207
6,999.366943,999.351501,999.607666,998.878845,211
7,999.36554,999.354004,999.601379,998.87915,203
8,999.360229,999.347412,999.612366,998.878296,207
9,999.364685,999.348816,999.608459,998.878967,207
10,999.360291,999.349548,999.61853,998.87677,207
11,999.369446,999.348022,999.619202,998.876099,207
12,999.371277,999.353271,999.601929,998.878113,207
13,999.363281,999.349243,999.606262,998.880493,207
14,999.36377,999.345642,999.610168,998.880005,207
15,999.368042,999.350952,999.616333,998.8797,207
16,999.368591,999.351624,999.617798,998.879395,211
17,999.367188,999.349304,999.61322,998.880371,203
18,999.370483,999.351807,999.613281,998.880371,207
19,999.368042,999.350464,999.617554,998.8797,207
20,999.376709,999.350342,999.61554,998.878845,207
mu,0.564758,0.578918,0.933228,0.011169,202.5
sd,0.003299,0.00323,0.002845,0.000599,9
Q,0.777841,,,,
,,,,,
,,,,,
Nov  5 2021 16:43:37,Pump Off Samples,N=15,,,
n,In,Mid,Out,Ambient,t (ms)
1,998.816589,998.788208,998.694092,998.894531,10
2,998.819458,998.790649,998.693909,998.894531,196
3,998.821716,998.792603,998.696228,998.895447,212
4,998.822998,998.792114,998.69696,998.894287,203
5,998.826111,998.793335,998.69812,998.897644,208
6,998.825256,998.793701,998.697083,998.898438,208
7,998.822754,998.794312,998.696716,998.898193,207
8,998.823608,998.792786,998.699036,998.9021,208
9,998.825012,998.793213,998.699402,998.899536,208
10,998.825623,998.793152,998.699524,998.900452,207
11,998.826965,998.793762,998.701904,998.89917,208
12,998.826416,998.795288,998.699768,998.899048,207
13,998.825623,998.792969,998.700073,998.899048,212
14,998.825439,998.793884,998.700806,998.898132,204
15,998.825806,998.794128,998.701172,998.89978,207
Nov  5 2021 16:43:37,flow rate=0.76,N=20,,,
n,In,Mid,Out,Ambient,t (ms)
1,999.377319,999.359436,999.616943,998.894348,10
2,999.381104,999.356873,999.622009,998.89679,175
3,999.377686,999.364014,999.623047,998.897583,207
4,999.381348,999.360535,999.625,998.89679,207
5,999.383972,999.361572,999.627869,998.895996,207
6,999.376892,999.352966,999.614685,998.894287,211
7,999.382629,999.36377,999.62146,998.894531,204
8,999.379822,999.361389,999.626892,998.895081,206
9,999.380859,999.355652,999.623413,998.894775,208
10,999.38031,999.363525,999.630859,998.893982,207
11,999.38031,999.358276,999.619202,998.895691,207
12,999.373291,999.35498,999.624817,998.893738,207
13,999.380005,999.361938,999.628113,998.894226,207
14,999.379089,999.361572,999.615784,998.893311,207
15,999.380676,999.362122,999.621277,998.893921,207
16,999.375549,999.358337,999.623596,998.893982,207
17,999.378357,999.362671,999.621094,998.89563,207
18,999.382629,999.363892,999.626953,998.892578,207
19,999.382324,999.365051,999.618896,998.894775,207
20,999.377747,999.357239,999.623596,998.892578,207
mu,0.559204,0.569336,0.926453,0.001648,199
sd,0.002157,0.002962,0.003436,0.001404,16
Q,0.780916,,,,
,,,,,
,,,,,
Nov  5 2021 16:44:33,Pump Off Samples,N=15,,,
n,In,Mid,Out,Ambient,t (ms)
1,998.832214,998.802795,998.705444,998.90155,9
2,998.833679,998.799744,998.705261,998.904053,177
3,998.830872,998.799561,998.705688,998.902283,207
4,998.832642,998.800537,998.706665,998.902588,206
5,998.832642,998.800598,998.706726,998.903259,208
6,998.831299,998.801697,998.706787,998.902832,207
7,998.832031,998.801086,998.706665,998.904236,207
8,998.832581,998.799927,998.705872,998.901489,206
9,998.834534,998.802368,998.710205,998.90448,207
10,998.833679,998.801147,998.707581,998.904785,207
11,998.832825,998.802246,998.708801,998.903442,207
12,998.832214,998.798645,998.706299,998.903809,207
13,998.832642,998.800232,998.707214,998.903931,207
14,998.826111,998.788879,998.692627,998.903137,207
15,998.814087,998.780762,998.688721,998.885803,207
Nov  5 2021 16:44:33,flow rate=0.80,N=20,,,
n,In,Mid,Out,Ambient,t (ms)
1,999.447876,999.435059,999.734436,998.903687,9
2,999.45166,999.426941,999.734863,998.905151,191
3,999.456177,999.439941,999.737671,998.904602,207
4,999.453857,999.435547,999.743652,998.905457,207
5,999.455994,999.438416,999.735107,998.905151,207
6,999.462585,999.433533,999.730713,998.904846,210
7,999.46228,999.440369,999.744873,998.905701,204
8,999.464111,999.442139,999.744873,998.906433,207
9,999.454285,999.437683,999.736145,998.906433,207
10,999.453186,999.435059,999.73877,998.905396,206
11,999.460083,999.440857,999.750549,998.905945,208
12,999.465027,999.434631,999.733765,998.905518,207
13,999.459351,999.436279,999.742432,998.905334,206
14,999.453613,999.43689,999.744751,998.905762,208
15,999.461182,999.437256,999.749084,998.904358,206
16,999.460327,999.424194,999.727295,998.898193,211
17,999.442322,999.425476,999.730957,998.893677,203
18,999.451172,999.431335,999.732422,998.898926,207
19,999.453674,999.4375,999.738342,998.902832,208
20,999.460693,999.430786,999.733032,998.903992,206
mu,0.619995,0.633728,1.031982,0.002075,203
sd,0.003531,0.005419,0.004248,0.000777,8
Q,0.824669,,,,
,,,,,
,,,,,
Nov  5 2021 16:45:19,Pump Off Samples,N=15,,,
n,In,Mid,Out,Ambient,t (ms)
1,998.831665,998.798096,998.702881,998.904358,9
2,998.829773,998.79657,998.702759,998.903992,185
3,998.831848,998.798523,998.701416,998.902649,208
4,998.827942,998.797119,998.702209,998.901489,207
5,998.828125,998.79834,998.702209,998.903076,208
6,998.829834,998.798645,998.702515,998.903748,207
7,998.828674,998.79718,998.701111,998.901733,207
8,998.82959,998.797729,998.703308,998.902954,208
9,998.829285,998.799133,998.702942,998.901611,207
10,998.827637,998.797119,998.702026,998.901794,207
11,998.826904,998.79718,998.701782,998.900085,208
12,998.826965,998.797791,998.701172,998.899475,207
13,998.826233,998.796692,998.701721,998.900757,207
14,998.826111,998.797241,998.699219,998.900452,207
15,998.825867,998.797424,998.701172,998.901306,208
Nov  5 2021 16:45:19,flow rate=0.80,N=20,,,
n,In,Mid,Out,Ambient,t (ms)
1,999.443604,999.422058,999.716003,998.899048,9
2,999.449768,999.421814,999.723877,998.899292,199
3,999.442749,999.426331,999.720337,998.900391,207
4,999.449829,999.42865,999.73407,998.899353,208
5,999.447021,999.422241,999.729553,998.90033,207
6,999.443726,999.427429,999.717407,998.899902,211
7,999.445557,999.433533,999.724792,998.901245,203
8,999.450317,999.427246,999.729126,998.901794,208
9,999.448608,999.43335,999.726013,998.90155,207
10,999.445129,999.434631,999.733887,998.901123,208
11,999.454712,999.434143,999.731262,998.902344,109
12,999.450806,999.431152,999.73584,998.902893,207
13,999.450562,999.43103,999.733276,998.90155,208
14,999.449951,999.430908,999.736389,998.901855,207
15,999.449768,999.434326,999.731201,998.902893,208
16,999.453308,999.43689,999.742554,998.903137,212
17,999.452209,999.43158,999.729309,998.903748,204
18,999.453064,999.434082,999.72876,998.904785,207
19,999.452332,999.431091,999.736084,998.905029,208
20,999.452209,999.434937,999.72583,998.903564,207
mu,0.61615,0.627136,1.021301,-0.00354,205.25
sd,0.00384,0.003345,0.007704,0.000595,4.19
Q,0.820424,,,,
,,,,,
,,,,,
Nov  5 2021 16:46:22,Pump Off Samples,N=15,,,
n,In,Mid,Out,Ambient,t (ms)
1,998.84375,998.815063,998.71936,998.914673,9
2,998.845154,998.816345,998.721252,998.914612,141
3,998.84375,998.814819,998.720337,998.913879,207
4,998.845947,998.814636,998.719788,998.914978,207
5,998.844788,998.815918,998.721008,998.914551,208
6,998.846924,998.815308,998.721069,998.914795,207
7,998.843506,998.81073,998.719116,998.911194,207
8,998.844055,998.812012,998.718689,998.912903,208
9,998.843384,998.812012,998.718018,998.913574,207
10,998.842346,998.813416,998.720093,998.912476,207
11,998.845398,998.814148,998.71814,998.914001,207
12,998.844666,998.815918,998.720215,998.914368,208
13,998.844116,998.812805,998.719116,998.913574,207
14,998.844482,998.813354,998.717407,998.911743,207
15,998.843811,998.812561,998.71814,998.91333,208
Nov  5 2021 16:46:22,flow rate=0.94,N=20,,,
n,In,Mid,Out,Ambient,t (ms)
1,999.635864,999.607239,1000.041382,998.882813,9
2,999.642395,999.617676,1000.046875,998.884155,129
3,999.643799,999.620239,1000.039001,998.887207,207
4,999.649475,999.623108,1000.05249,998.889526,207
5,999.653503,999.627747,1000.047058,998.890564,207
6,999.643677,999.61908,1000.042725,998.893066,207
7,999.650635,999.62384,1000.044739,998.892822,207
8,999.648499,999.623108,1000.044189,998.894226,207
9,999.653259,999.626038,1000.043884,998.896118,207
10,999.646973,999.622742,1000.051636,998.898926,207
11,999.664124,999.627869,1000.059509,998.900208,206
12,999.659241,999.62616,1000.054626,998.902161,208
13,999.659912,999.631897,1000.061035,998.904297,206
14,999.661621,999.629517,1000.048584,998.903992,207
15,999.655884,999.628113,1000.061646,998.905212,208
16,999.664612,999.631592,1000.061951,998.906433,207
17,999.667114,999.640686,1000.065613,998.906433,206
18,999.671509,999.642639,1000.06604,998.907715,208
19,999.670959,999.639282,1000.072815,998.90741,206
20,999.669922,999.643616,1000.062012,998.90625,207
mu,0.798218,0.801819,1.324707,-0.028564,187.5
sd,0.005592,0.006917,0.006019,0.003025,39
Q,0.944939,,,,
,,,,,
,,,,,
Nov  5 2021 16:47:26,Pump Off Samples,N=15,,,
n,In,Mid,Out,Ambient,t (ms)
1,998.840576,998.811096,998.718811,998.91272,9
2,998.839539,998.8125,998.718262,998.914368,197
3,998.839478,998.81134,998.715088,998.911865,206
4,998.838135,998.811401,998.71344,998.910522,207
5,998.841003,998.812012,998.715393,998.911316,207
6,998.839844,998.810303,998.714111,998.912842,207
7,998.840576,998.810364,998.714355,998.910889,207
8,998.837402,998.808289,998.713257,998.908752,207
9,998.835449,998.807556,998.711731,998.906738,207
10,998.83374,998.804077,998.709167,998.906494,207
11,998.835754,998.805725,998.712891,998.906555,207
12,998.837036,998.805237,998.710876,998.907471,206
13,998.835388,998.806946,998.711548,998.909546,208
14,998.836121,998.806152,998.713074,998.906311,206
15,998.835754,998.805542,998.711731,998.908569,207
Nov  5 2021 16:47:26,flow rate=0.94,N=20,,,
n,In,Mid,Out,Ambient,t (ms)
1,999.693726,999.663818,1000.104309,998.917908,10
2,999.683838,999.653198,1000.085999,998.916931,204
3,999.689514,999.659607,1000.092834,998.91748,207
4,999.688538,999.661377,1000.096252,998.917114,208
5,999.689758,999.658508,1000.098145,998.917969,207
6,999.685059,999.663696,1000.0896,998.915649,207
7,999.687012,999.662903,1000.095886,998.91571,207
8,999.675781,999.651184,1000.080627,998.915161,207
9,999.67865,999.648376,1000.076721,998.912109,206
10,999.681946,999.645935,1000.080811,998.90802,208
11,999.670105,999.636475,1000.065002,998.900757,207
12,999.6604,999.634705,1000.064758,998.898071,207
13,999.653992,999.630005,1000.051392,998.892578,207
14,999.65094,999.629822,1000.065918,998.891724,207
15,999.656189,999.622192,1000.052551,998.892212,211
16,999.653137,999.629944,1000.060913,998.892578,203
17,999.649597,999.633301,1000.062988,998.893127,207
18,999.653748,999.633423,1000.065613,998.893616,207
19,999.652283,999.631348,1000.061096,998.895752,207
20,999.653076,999.632019,1000.061707,998.897949,207
mu,0.849487,0.847961,1.378479,0.005005,206.5
sd,0.004059,0.004542,0.007613,0.000432,1.73
Q,0.951808,,,,
,,,,,
,,,,,
Nov  5 2021 16:48:58,Pump Off Samples,N=15,,,
n,In,Mid,Out,Ambient,t (ms)
1,998.829834,998.805908,998.707764,998.902039,9
2,998.828979,998.804626,998.70697,998.9021,202
3,998.829346,998.804504,998.704773,998.903137,207
4,998.830139,998.805237,998.706421,998.903137,207
5,998.832031,998.804382,998.705627,998.903259,207
6,998.830933,998.804504,998.705078,998.903564,207
7,998.830933,998.802551,998.704773,998.902893,207
8,998.830627,998.805237,998.705933,998.901123,207
9,998.831665,998.804749,998.704834,998.902405,207
10,998.829346,998.803955,998.703064,998.900757,207
11,998.830811,998.802429,998.702942,998.902039,207
12,998.828125,998.799927,998.702515,998.901489,207
13,998.830078,998.801392,998.703125,998.900208,207
14,998.828918,998.802002,998.703308,998.900452,207
15,998.828674,998.80072,998.702209,998.89978,206
Nov  5 2021 16:48:58,flow rate=0.14,N=20,,,
n,In,Mid,Out,Ambient,t (ms)
1,998.86908,998.845642,998.779114,998.90509,10
2,998.86908,998.845215,998.776794,998.903076,111
3,998.868958,998.844543,998.779358,998.903931,207
4,998.868225,998.844299,998.776978,998.906311,207
5,998.868286,998.845459,998.778503,998.904785,211
6,998.868408,998.846619,998.780151,998.905029,203
7,998.867981,998.846497,998.779053,998.904297,207
8,998.870056,998.846069,998.782593,998.904846,207
9,998.870789,998.849243,998.78186,998.906616,207
10,998.872864,998.846741,998.781311,998.903931,207
11,998.872192,998.846802,998.782288,998.907471,207
12,998.871887,998.845764,998.781311,998.906555,207
13,998.871155,998.845337,998.783447,998.905762,207
14,998.868347,998.847717,998.781311,998.904236,207
15,998.8703,998.846191,998.779297,998.902039,211
16,998.869446,998.846008,998.78064,998.903564,203
17,998.868896,998.846924,998.783569,998.902283,207
18,998.869202,998.84436,998.779114,998.90155,207
19,998.8703,998.845459,998.778564,998.900757,207
20,998.869751,998.846252,998.779541,998.903687,207
mu,0.039246,0.039856,0.071533,0.001953,184
sd,0.000411,0.000615,0.001363,0.001409,48.7
Q,0.23258,,,,
,,,,,
,,,,,
Nov  5 2021 16:49:56,Pump Off Samples,N=15,,,
n,In,Mid,Out,Ambient,t (ms)
1,998.838379,998.807129,998.711548,998.911011,10
2,998.839661,998.807434,998.713379,998.908997,178
3,998.83844,998.806702,998.713196,998.908997,208
4,998.839661,998.805542,998.713379,998.909668,208
5,998.839661,998.805908,998.714844,998.908203,207
6,998.840332,998.807556,998.713074,998.909119,208
7,998.838745,998.809204,998.711304,998.908569,208
8,998.837891,998.805054,998.712646,998.907959,208
9,998.838684,998.805542,998.712585,998.909119,207
10,998.840942,998.805908,998.709229,998.910156,208
11,998.841553,998.806824,998.711853,998.908569,208
12,998.84021,998.805298,998.710876,998.906189,207
13,998.840088,998.804138,998.710083,998.907654,208
14,998.838501,998.802795,998.710876,998.907715,208
15,998.837036,998.802429,998.709045,998.907837,208
Nov  5 2021 16:49:56,flow rate=0.14,N=20,,,
n,In,Mid,Out,Ambient,t (ms)
1,998.859436,998.828491,998.767883,998.890381,10
2,998.858459,998.828064,998.767822,998.890137,193
3,998.856812,998.828857,998.769531,998.892273,207
4,998.857422,998.830078,998.769348,998.891663,207
5,998.857361,998.830383,998.770691,998.893433,207
6,998.860291,998.829346,998.770569,998.891113,207
7,998.859436,998.828064,998.771667,998.893127,207
8,998.859131,998.829163,998.768188,998.894226,207
9,998.860474,998.829712,998.769836,998.89502,207
10,998.859619,998.832947,998.770386,998.894897,207
11,998.862427,998.831726,998.770447,998.894165,207
12,998.863037,998.831726,998.772888,998.896484,207
13,998.862427,998.833069,998.774292,998.898254,207
14,998.864502,998.833496,998.773682,998.900085,208
15,998.864624,998.834717,998.774536,998.900574,206
16,998.865784,998.836853,998.77417,998.899231,208
17,998.867798,998.838196,998.777832,998.899658,206
18,998.867493,998.840698,998.776611,998.900635,208
19,998.866638,998.839661,998.777893,998.900146,206
20,998.865601,998.8396,998.774292,998.900635,208
mu,0.019043,0.022217,0.055725,-0.018555,203.5
sd,0.001157,0.000867,0.00092,0.001023,7
Q,0.239208,,,,
,,,,,
,,,,,
Nov  5 2021 16:50:54,Pump Off Samples,N=15,,,
n,In,Mid,Out,Ambient,t (ms)
1,998.826904,998.800476,998.702576,998.900574,14
2,998.827393,998.799927,998.706482,998.900635,199
3,998.826355,998.799866,998.706787,998.902893,207
4,998.827881,998.800171,998.704163,998.901794,208
5,998.827576,998.797485,998.704224,998.899597,207
6,998.829163,998.798584,998.703674,998.90155,207
7,998.830383,998.798645,998.704773,998.900879,207
8,998.830261,998.80072,998.703369,998.902161,208
9,998.830444,998.799072,998.708069,998.902283,207
10,998.831482,998.800415,998.704895,998.902039,208
11,998.829529,998.799316,998.704285,998.902588,211
12,998.828613,998.798584,998.704346,998.901733,203
13,998.830566,998.798523,998.704529,998.900757,207
14,998.830627,998.800049,998.705261,998.902161,208
15,998.830627,998.802124,998.704834,998.903259,207
Nov  5 2021 16:50:54,flow rate=1.42,N=20,,,
n,In,Mid,Out,Ambient,t (ms)
1,1000.526428,1000.507202,1001.447205,998.888489,9
2,1000.530212,1000.508423,1001.483459,998.888611,166
3,1000.554932,1000.528931,1001.517212,998.888123,206
4,1000.547119,1000.52594,1001.486084,998.888489,207
5,1000.55719,1000.532898,1001.504944,998.888977,104
6,1000.571045,1000.547119,1001.509155,998.887878,207
7,1000.559753,1000.531006,1001.505066,998.889832,207
8,1000.558289,1000.527954,1001.507996,998.889587,207
9,1000.553101,1000.533691,1001.500305,998.891357,207
10,1000.549927,1000.537598,1001.512451,998.890564,207
11,1000.548828,1000.536194,1001.508118,998.890381,207
12,1000.54071,1000.520691,1001.498535,998.891479,207
13,1000.560852,1000.535095,1001.519714,998.891541,207
14,1000.566162,1000.536194,1001.514709,998.891479,210
15,1000.577881,1000.549316,1001.523254,998.894287,203
16,1000.561951,1000.541382,1001.523743,998.89563,207
17,1000.563416,1000.560059,1001.530701,998.896301,207
18,1000.578125,1000.547913,1001.537842,998.894775,208
19,1000.568726,1000.537842,1001.513916,998.894226,206
20,1000.574707,1000.546265,1001.516846,998.898071,207
mu,1.712524,1.717529,2.778503,-0.013062,170.75
sd,0.013579,0.011406,0.028639,0.000211,48.42
Q,1.346021,,,,
,,,,,
,,,,,
Nov  5 2021 16:51:46,Pump Off Samples,N=15,,,
n,In,Mid,Out,Ambient,t (ms)
1,998.81427,998.782898,998.69104,998.88678,14
2,998.815796,998.784546,998.691895,998.887207,204
3,998.815247,998.7854,998.689941,998.887634,207
4,998.817261,998.784363,998.690796,998.888855,207
5,998.817749,998.788208,998.692444,998.887573,207
6,998.81665,998.784424,998.691406,998.887634,207
7,998.815491,998.78479,998.687317,998.886353,207
8,998.81665,998.784119,998.690063,998.888611,207
9,998.815369,998.784912,998.688538,998.886536,207
10,998.81311,998.782654,998.690308,998.887024,207
11,998.814392,998.783142,998.687805,998.884399,207
12,998.813354,998.782593,998.688416,998.885132,207
13,998.815186,998.783142,998.687561,998.888123,207
14,998.814392,998.785889,998.688904,998.890259,207
15,998.816162,998.785095,998.691895,998.889832,207
Nov  5 2021 16:51:46,flow rate=1.42,N=20,,,
n,In,Mid,Out,Ambient,t (ms)
1,1000.555725,1000.539795,1001.516724,998.892334,9
2,1000.561401,1000.538513,1001.52478,998.891357,146
3,1000.559692,1000.553101,1001.523987,998.891357,208
4,1000.555908,1000.543884,1001.504944,998.893066,207
5,1000.543335,1000.55304,1001.526001,998.891479,208
6,1000.533997,1000.53833,1001.511108,998.889465,208
7,1000.560242,1000.545166,1001.507507,998.891357,207
8,1000.557373,1000.541199,1001.501099,998.892029,208
9,1000.562317,1000.536072,1001.511108,998.889282,207
10,1000.569824,1000.539124,1001.501343,998.891785,208
11,1000.558228,1000.546021,1001.516479,998.891357,208
12,1000.572754,1000.54071,1001.505066,998.893921,207
13,1000.563049,1000.517639,1001.487244,998.893372,212
14,1000.558899,1000.54187,1001.500488,998.893677,203
15,1000.56781,1000.529846,1001.49585,998.893738,208
16,1000.555054,1000.542236,1001.52179,998.893677,207
17,1000.557861,1000.538452,1001.509155,998.894897,208
18,1000.552979,1000.556641,1001.522949,998.89447,208
19,1000.548645,1000.522522,1001.480957,998.891846,207
20,1000.54541,1000.528992,1001.4953,998.890442,208
mu,1.742493,1.759521,2.82666,0.004395,192.25
sd,0.00282,0.006595,0.009189,0.000831,30.84
Q,1.349926,,,,