427,21.92,992.674744,22.5,992.696106,22.56,992.695679,23.6,992.945557,19:51:58,25/04/2022
913,21.91,992.676514,22.49,992.695496,22.56,992.69696,23.6,992.947998,19:51:59,25/04/2022
1342,21.91,992.674194,22.5,992.698181,22.55,992.697205,23.6,992.950256,19:51:59,25/04/2022
1773,21.91,992.674072,22.49,992.699158,22.53,992.699524,23.6,992.949219,19:52:00,25/04/2022
2203,21.91,992.674377,22.5,992.699707,22.53,992.699951,23.6,992.950439,19:52:00,25/04/2022
2635,21.91,992.676331,22.49,992.698608,22.55,992.700562,23.59,992.950012,19:52:01,25/04/2022
3064,21.91,992.676392,22.5,992.699219,22.55,992.698608,23.61,992.948975,19:52:01,25/04/2022
3496,21.91,992.67749,22.5,992.699951,22.55,992.701111,23.6,992.950562,19:52:02,25/04/2022
3925,21.91,992.67688,22.5,992.699585,22.54,992.701477,23.6,992.950867,19:52:02,25/04/2022
4357,21.91,992.677734,22.5,992.699951,22.55,992.699768,23.6,992.951416,19:52:02,25/04/2022
4787,21.92,992.676941,22.49,992.698303,22.55,992.700256,23.6,992.950256,19:52:03,25/04/2022
5217,21.92,992.674927,22.5,992.698669,22.54,992.701233,23.59,992.949829,19:52:03,25/04/2022
5648,21.91,992.677124,22.49,992.699402,22.54,992.702881,23.6,992.949585,19:52:04,25/04/2022
6078,21.91,992.674866,22.5,992.699768,22.53,992.699219,23.59,992.94928,19:52:04,25/04/2022
6509,21.92,992.675781,22.49,992.698486,22.55,992.701111,23.6,992.948059,19:52:05,25/04/2022
6938,21.92,992.67334,22.5,992.697266,22.53,992.697998,23.6,992.949036,19:52:05,25/04/2022
7370,21.92,992.677368,22.5,992.697876,22.55,992.700134,23.6,992.949585,19:52:05,25/04/2022
7799,21.92,992.674744,22.5,992.697815,22.53,992.701416,23.59,992.947449,19:52:06,25/04/2022
8230,21.91,992.677124,22.49,992.700623,22.54,992.703491,23.6,992.952515,19:52:06,25/04/2022
8660,21.91,992.677124,22.5,992.700867,22.53,992.702576,23.59,992.950684,19:52:07,25/04/2022
9089,21.92,992.680725,22.5,992.704346,22.54,992.706482,23.61,992.955261,19:52:07,25/04/2022
9520,21.92,992.683044,22.5,992.704712,22.54,992.708374,23.6,992.956116,19:52:08,25/04/2022
9950,21.92,992.684204,22.5,992.709778,22.54,992.711121,23.6,992.958679,19:52:08,25/04/2022
10382,21.92,992.684143,22.5,992.707275,22.54,992.711243,23.61,992.960449,19:52:08,25/04/2022
10811,21.91,992.684143,22.51,992.705872,22.55,992.709167,23.61,992.95874,19:52:09,25/04/2022
11243,21.92,992.681458,22.5,992.705444,22.54,992.708435,23.6,992.956848,19:52:09,25/04/2022
11673,21.91,992.682251,22.49,992.705566,22.54,992.705933,23.6,992.957214,19:52:10,25/04/2022
12104,21.92,992.680908,22.5,992.707031,22.53,992.709839,23.61,992.958923,19:52:10,25/04/2022
12534,21.92,992.687256,22.49,992.709473,22.54,992.711548,23.6,992.960327,19:52:11,25/04/2022
12965,21.92,992.687988,22.5,992.710632,22.55,992.712891,23.6,992.961792,19:52:11,25/04/2022
13394,21.92,992.688293,22.5,992.711304,22.55,992.711487,23.6,992.960999,19:52:11,25/04/2022
13823,21.92,992.691162,22.5,992.713989,22.55,992.711853,23.6,992.96167,19:52:12,25/04/2022
14254,21.92,992.690552,22.5,992.713684,22.55,992.714111,23.6,992.962708,19:52:12,25/04/2022
14683,21.92,992.691345,22.5,992.7146,22.55,992.715332,23.6,992.963623,19:52:13,25/04/2022
15114,21.92,992.693054,22.5,992.715393,22.55,992.717041,23.6,992.966736,19:52:13,25/04/2022
15543,21.93,992.691956,22.51,992.717163,22.54,992.718567,23.6,992.966492,19:52:14,25/04/2022
15974,21.92,992.692261,22.5,992.717712,22.54,992.717896,23.6,992.968018,19:52:14,25/04/2022
16403,21.92,992.693848,22.5,992.716064,22.55,992.717834,23.61,992.968384,19:52:14,25/04/2022
16834,21.92,992.692566,22.5,992.714844,22.54,992.717041,23.61,992.966858,19:52:15,25/04/2022
17263,21.92,992.692505,22.5,992.716553,22.55,992.716614,23.61,992.968445,19:52:15,25/04/2022
17692,21.93,992.695251,22.49,992.715332,22.55,992.718262,23.61,992.966736,19:52:16,25/04/2022
18124,21.93,992.693359,22.5,992.716431,22.55,992.720154,23.61,992.970337,19:52:16,25/04/2022
18553,21.92,992.69281,22.5,992.717041,22.55,992.716553,23.61,992.966797,19:52:17,25/04/2022
19009,21.92,992.693909,22.5,992.715637,22.55,992.71698,23.6,992.96698,19:52:17,25/04/2022
19438,21.91,992.692749,22.5,992.716309,22.55,992.715881,23.61,992.966553,19:52:17,25/04/2022
19869,21.92,992.691162,22.5,992.715637,22.55,992.715698,23.61,992.965576,19:52:18,25/04/2022
20298,21.92,992.690063,22.5,992.714294,22.54,992.715759,23.61,992.966187,19:52:18,25/04/2022
20729,21.91,992.690063,22.5,992.711426,22.55,992.711792,23.61,992.964844,19:52:19,25/04/2022
21158,21.91,992.68811,22.5,992.712341,22.54,992.711304,23.61,992.963928,19:52:19,25/04/2022
21589,21.92,992.687439,22.5,992.711792,22.54,992.711975,23.61,992.963928,19:52:20,25/04/2022
22019,21.92,992.687866,22.49,992.708496,22.56,992.713074,23.61,992.962158,19:52:20,25/04/2022
22448,21.93,992.687195,22.49,992.708069,22.55,992.712097,23.61,992.96167,19:52:20,25/04/2022
22879,21.93,992.686768,22.5,992.708435,22.56,992.710938,23.61,992.961426,19:52:21,25/04/2022
23308,21.93,992.68573,22.49,992.707214,22.55,992.711548,23.61,992.959351,19:52:21,25/04/2022
23739,21.93,992.683044,22.5,992.707886,22.54,992.713196,23.61,992.959778,19:52:22,25/04/2022
24169,21.93,992.685059,22.49,992.709534,22.55,992.712891,23.61,992.962036,19:52:22,25/04/2022
24600,21.93,992.688843,22.5,992.709229,22.56,992.712708,23.61,992.961975,19:52:23,25/04/2022
25030,21.93,992.682373,22.5,992.705627,22.56,992.708374,23.61,992.95752,19:52:23,25/04/2022
25461,21.93,992.677429,22.5,992.701782,22.55,992.70343,23.6,992.950317,19:52:23,25/04/2022
25899,21.93,992.673645,22.49,992.696716,22.55,992.700867,23.61,992.949829,19:52:24,25/04/2022
26329,21.92,992.670715,22.51,992.695496,22.55,992.69751,23.6,992.945374,19:52:24,25/04/2022
26760,21.92,992.668335,22.5,992.692261,22.55,992.695374,23.61,992.943665,19:52:25,25/04/2022
27189,21.93,992.663513,22.5,992.687805,22.55,992.692444,23.61,992.940796,19:52:25,25/04/2022
27621,21.92,992.660889,22.5,992.684326,22.55,992.684448,23.61,992.934998,19:52:26,25/04/2022
28051,21.92,992.657043,22.51,992.680237,22.56,992.680298,23.6,992.930603,19:52:26,25/04/2022
28483,21.92,992.656494,22.51,992.678589,22.56,992.678223,23.6,992.927734,19:52:26,25/04/2022
28913,21.92,992.651428,22.5,992.675049,22.55,992.674561,23.6,992.924561,19:52:27,25/04/2022
29344,21.92,992.649292,22.49,992.669983,22.56,992.673889,23.6,992.921387,19:52:27,25/04/2022
29774,21.92,992.649536,22.5,992.671326,22.56,992.672913,23.6,992.922913,19:52:28,25/04/2022
30206,21.93,992.65155,22.5,992.671814,22.55,992.674683,23.6,992.924927,19:52:28,25/04/2022
30635,21.93,992.654663,22.5,992.674744,22.56,992.676392,23.61,992.928528,19:52:29,25/04/2022
31065,21.93,992.655701,22.5,992.677368,22.55,992.679688,23.6,992.927979,19:52:29,25/04/2022
31496,21.92,992.6604,22.5,992.681274,22.56,992.683228,23.61,992.933228,19:52:30,25/04/2022
31926,21.93,992.666504,22.5,992.685303,22.56,992.686462,23.6,992.937988,19:52:30,25/04/2022
32358,21.93,992.670532,22.49,992.689697,22.56,992.692566,23.6,992.942444,19:52:30,25/04/2022
32788,21.93,992.672607,22.5,992.693909,22.57,992.695557,23.6,992.943542,19:52:31,25/04/2022
33220,21.93,992.669739,22.5,992.694275,22.56,992.696106,23.6,992.945129,19:52:31,25/04/2022
33649,21.92,992.672058,22.5,992.69165,22.55,992.694519,23.61,992.94397,19:52:32,25/04/2022
34081,21.92,992.672668,22.49,992.692627,22.56,992.696472,23.61,992.943909,19:52:32,25/04/2022
34511,21.93,992.673828,22.5,992.694519,22.56,992.698853,23.6,992.943665,19:52:33,25/04/2022
34940,21.92,992.672241,22.49,992.695068,22.55,992.698914,23.6,992.94635,19:52:33,25/04/2022
35372,21.92,992.675293,22.5,992.695801,22.56,992.696716,23.61,992.946106,19:52:33,25/04/2022
35802,21.93,992.676697,22.5,992.699768,22.56,992.700439,23.6,992.949951,19:52:34,25/04/2022
36234,21.93,992.679077,22.5,992.702515,22.54,992.704468,23.61,992.951538,19:52:34,25/04/2022
36664,21.92,992.684143,22.5,992.706238,22.56,992.70697,23.6,992.956299,19:52:35,25/04/2022
37096,21.92,992.683777,22.5,992.705811,22.55,992.708252,23.6,992.95459,19:52:35,25/04/2022
37526,21.92,992.684692,22.5,992.707397,22.55,992.710754,23.61,992.958191,19:52:36,25/04/2022
37957,21.93,992.686401,22.51,992.709045,22.56,992.710938,23.61,992.956482,19:52:36,25/04/2022
38387,21.93,992.689758,22.51,992.712402,22.56,992.713684,23.61,992.963257,19:52:36,25/04/2022
38819,21.93,992.692627,22.51,992.713684,22.56,992.717102,23.61,992.964539,19:52:37,25/04/2022
39248,21.93,992.689392,22.5,992.71167,22.56,992.71405,23.61,992.961792,19:52:37,25/04/2022
39676,21.93,992.689392,22.5,992.711975,22.56,992.715576,23.61,992.962341,19:52:38,25/04/2022
40108,21.93,992.689514,22.51,992.710205,22.56,992.713501,23.61,992.959473,19:52:38,25/04/2022
40538,21.94,992.687866,22.51,992.713379,22.55,992.713135,23.61,992.962524,19:52:39,25/04/2022
40968,21.94,992.692139,22.5,992.715149,22.56,992.718689,23.61,992.964233,19:52:39,25/04/2022
41397,21.93,992.69342,22.5,992.715027,22.56,992.718445,23.61,992.963196,19:52:39,25/04/2022
41829,21.93,992.692749,22.5,992.711853,22.56,992.714844,23.61,992.963074,19:52:40,25/04/2022
42258,21.94,992.693848,22.5,992.714905,22.56,992.718811,23.61,992.962646,19:52:40,25/04/2022
42689,21.93,992.693665,22.5,992.716797,22.56,992.719482,23.61,992.964905,19:52:41,25/04/2022
48033,21.93,992.694824,22.51,992.71814,22.56,992.716858,23.61,992.965576,19:52:46,25/04/2022
48462,21.93,992.708801,22.51,992.730713,22.57,992.731018,23.6,992.976563,19:52:46,25/04/2022
48891,21.93,992.707886,22.51,992.730286,22.57,992.730835,23.61,992.976563,19:52:47,25/04/2022
49321,21.92,992.709167,22.5,992.729919,22.57,992.733215,23.61,992.97821,19:52:47,25/04/2022
49752,21.94,992.710693,22.5,992.737671,22.57,992.734924,23.61,992.984558,19:52:48,25/04/2022
50182,21.93,992.712952,22.51,992.736084,22.57,992.736084,23.61,992.983154,19:52:48,25/04/2022
50613,21.93,992.71875,22.51,992.746399,22.57,992.742249,23.61,992.989014,19:52:49,25/04/2022
51042,21.93,992.719604,22.51,992.742798,22.57,992.743896,23.61,992.988464,19:52:49,25/04/2022
51473,21.93,992.719849,22.51,992.742554,22.56,992.743408,23.62,992.990784,19:52:49,25/04/2022
51903,21.93,992.72229,22.5,992.742188,22.57,992.743774,23.61,992.989075,19:52:50,25/04/2022
52335,21.94,992.72229,22.51,992.742554,22.57,992.746399,23.61,992.989868,19:52:50,25/04/2022
52765,21.94,992.721313,22.51,992.742493,22.57,992.745178,23.62,992.989929,19:52:51,25/04/2022
53194,21.94,992.718567,22.52,992.73999,22.56,992.743225,23.62,992.98877,19:52:51,25/04/2022
53625,21.92,992.715454,22.51,992.736145,22.56,992.737732,23.61,992.984558,19:52:52,25/04/2022
54055,21.93,992.716736,22.52,992.73822,22.57,992.739502,23.62,992.986511,19:52:52,25/04/2022
54486,21.93,992.714294,22.52,992.736328,22.57,992.738037,23.62,992.984741,19:52:52,25/04/2022
54916,21.93,992.715637,22.51,992.738586,22.56,992.73938,23.61,992.985718,19:52:53,25/04/2022
55348,21.94,992.712524,22.51,992.737671,22.56,992.739136,23.62,992.984924,19:52:53,25/04/2022
55777,21.94,992.713989,22.51,992.734741,22.57,992.73877,23.62,992.984009,19:52:54,25/04/2022
56208,21.94,992.711548,22.52,992.734985,22.56,992.737671,23.62,992.983582,19:52:54,25/04/2022
56637,21.93,992.712952,22.52,992.736389,22.57,992.737122,23.61,992.985229,19:52:55,25/04/2022
57068,21.93,992.710938,22.51,992.733582,22.56,992.736145,23.62,992.982483,19:52:55,25/04/2022
57497,21.94,992.70874,22.51,992.733582,22.55,992.734741,23.61,992.980713,19:52:56,25/04/2022
57933,21.94,992.710022,22.51,992.734741,22.56,992.735413,23.62,992.981201,19:52:56,25/04/2022
58364,21.93,992.713684,22.51,992.735291,22.56,992.736572,23.62,992.984436,19:52:56,25/04/2022
58793,21.93,992.710999,22.51,992.732666,22.57,992.736023,23.62,992.984131,19:52:57,25/04/2022
59225,21.93,992.707764,22.5,992.729614,22.56,992.731262,23.62,992.978882,19:52:57,25/04/2022
59654,21.94,992.70752,22.51,992.730164,22.57,992.732422,23.63,992.981262,19:52:58,25/04/2022
60085,21.94,992.71167,22.5,992.733337,22.57,992.735596,23.62,992.984009,19:52:58,25/04/2022
60515,21.93,992.718384,22.5,992.736389,22.58,992.740479,23.63,992.988464,19:52:59,25/04/2022
60946,21.93,992.716858,22.5,992.736816,22.56,992.740234,23.62,992.988586,19:52:59,25/04/2022
61376,21.93,992.716064,22.51,992.737915,22.58,992.73999,23.61,992.985229,19:52:59,25/04/2022
61805,21.94,992.714111,22.51,992.738525,22.57,992.739502,23.62,992.986694,19:53:00,25/04/2022
62237,21.95,992.713196,22.51,992.736145,22.57,992.739624,23.62,992.98407,19:53:00,25/04/2022
62666,21.94,992.716797,22.52,992.739441,22.57,992.739319,23.62,992.985596,19:53:01,25/04/2022
63097,21.94,992.715393,22.51,992.738464,22.57,992.740417,23.62,992.986145,19:53:01,25/04/2022
63527,21.94,992.717834,22.5,992.739014,22.57,992.741089,23.62,992.987427,19:53:02,25/04/2022
63957,21.93,992.720703,22.51,992.741455,22.57,992.743347,23.62,992.990723,19:53:02,25/04/2022
64387,21.94,992.721741,22.51,992.743835,22.57,992.743896,23.62,992.99054,19:53:02,25/04/2022
64819,21.94,992.725342,22.51,992.745605,22.57,992.74646,23.61,992.991882,19:53:03,25/04/2022
65249,21.93,992.724243,22.51,992.746277,22.57,992.746887,23.62,992.994385,19:53:03,25/04/2022
65681,21.94,992.724915,22.5,992.74646,22.58,992.748962,23.62,992.993225,19:53:04,25/04/2022
66111,21.95,992.724121,22.51,992.745239,22.57,992.749634,23.62,992.993774,19:53:04,25/04/2022
66540,21.94,992.723694,22.52,992.744629,22.58,992.747253,23.63,992.992432,19:53:05,25/04/2022
66975,21.94,992.722351,22.51,992.743286,22.57,992.745605,23.62,992.990051,19:53:05,25/04/2022
67404,21.94,992.71936,22.51,992.742432,22.57,992.745605,23.63,992.991333,19:53:05,25/04/2022
67835,21.94,992.723389,22.52,992.743652,22.58,992.744385,23.63,992.990601,19:53:06,25/04/2022
68266,21.94,992.721069,22.51,992.7453,22.58,992.744873,23.62,992.989502,19:53:06,25/04/2022
68697,21.94,992.722961,22.51,992.74353,22.58,992.746643,23.63,992.992126,19:53:07,25/04/2022
69127,21.94,992.724121,22.51,992.744751,22.57,992.747986,23.63,992.993225,19:53:07,25/04/2022
69558,21.94,992.725647,22.51,992.747192,22.57,992.748352,23.62,992.993347,19:53:08,25/04/2022
69988,21.94,992.724792,22.52,992.746948,22.57,992.749146,23.62,992.993591,19:53:08,25/04/2022
70418,21.94,992.727417,22.51,992.74646,22.57,992.750305,23.63,992.993652,19:53:08,25/04/2022
70846,21.94,992.724609,22.52,992.745911,22.57,992.748962,23.63,992.992554,19:53:09,25/04/2022
71276,21.95,992.724426,22.52,992.7453,22.58,992.749207,23.63,992.992249,19:53:09,25/04/2022
71707,21.96,992.721436,22.52,992.744202,22.58,992.746948,23.63,992.990295,19:53:10,25/04/2022
72137,21.94,992.720093,22.52,992.743835,22.58,992.746033,23.63,992.988586,19:53:10,25/04/2022
72568,21.95,992.714539,22.52,992.738098,22.58,992.741333,23.62,992.981689,19:53:11,25/04/2022
72997,21.96,992.704895,22.51,992.727051,22.58,992.733276,23.63,992.974243,19:53:11,25/04/2022
73428,21.95,992.698364,22.51,992.719299,22.58,992.72467,23.62,992.965393,19:53:11,25/04/2022
73857,21.95,992.690796,22.51,992.711975,22.57,992.718506,23.63,992.957825,19:53:12,25/04/2022
74289,21.95,992.686768,22.51,992.711853,22.57,992.714539,23.63,992.958374,19:53:12,25/04/2022
74718,21.94,992.690186,22.52,992.713257,22.58,992.713379,23.63,992.95929,19:53:13,25/04/2022
75148,21.95,992.692505,22.52,992.712952,22.58,992.717896,23.63,992.962097,19:53:13,25/04/2022
75579,21.95,992.693604,22.51,992.715393,22.58,992.718689,23.63,992.962341,19:53:14,25/04/2022
76009,21.95,992.694153,22.51,992.716492,22.58,992.721191,23.62,992.964111,19:53:14,25/04/2022
76440,21.95,992.696655,22.52,992.718262,22.58,992.723206,23.63,992.965454,19:53:14,25/04/2022
76870,21.95,992.69873,22.51,992.718933,22.57,992.724792,23.63,992.966858,19:53:15,25/04/2022
77302,21.95,992.700867,22.51,992.722839,22.57,992.727295,23.62,992.969788,19:53:15,25/04/2022
77732,21.95,992.700989,22.51,992.722046,22.58,992.726013,23.62,992.970337,19:53:16,25/04/2022
78164,21.95,992.698059,22.51,992.721863,22.57,992.724243,23.63,992.967957,19:53:16,25/04/2022
78593,21.95,992.825378,22.51,992.833069,22.58,992.795837,23.62,992.967163,19:53:17,25/04/2022
79025,21.95,992.893921,22.51,992.89032,22.58,992.869324,23.62,992.964294,19:53:17,25/04/2022
79456,21.95,992.915161,22.52,992.899048,22.58,992.88562,23.61,992.967285,19:53:17,25/04/2022
79886,21.95,992.913696,22.52,992.905701,22.57,992.891724,23.62,992.971008,19:53:18,25/04/2022
80318,21.95,992.921082,22.53,992.90509,22.59,992.897217,23.62,992.974365,19:53:18,25/04/2022
80748,21.96,992.925842,22.53,992.906555,22.58,992.897644,23.62,992.975708,19:53:19,25/04/2022
81180,21.96,992.919312,22.52,992.89679,22.58,992.890991,23.62,992.972961,19:53:19,25/04/2022
81610,21.95,992.909973,22.52,992.89624,22.58,992.891785,23.62,992.974915,19:53:20,25/04/2022
82042,21.95,992.915283,22.52,992.90271,22.59,992.890381,23.61,992.972717,19:53:20,25/04/2022
82473,21.96,992.909241,22.53,992.904297,22.57,992.891479,23.62,992.977783,19:53:20,25/04/2022
82905,21.97,992.920959,22.53,992.903809,22.59,992.899902,23.62,992.97998,19:53:21,25/04/2022
83336,21.96,992.911743,22.53,992.906982,22.58,992.8974,23.61,992.978821,19:53:21,25/04/2022
83766,21.96,992.915405,22.53,992.908936,22.58,992.895386,23.61,992.97937,19:53:22,25/04/2022
84198,21.97,992.913879,22.53,992.910217,22.58,992.893921,23.62,992.976501,19:53:22,25/04/2022
84634,21.96,992.924316,22.53,992.915649,22.59,992.892395,23.62,992.978149,19:53:23,25/04/2022
85066,21.97,992.916077,22.54,992.905762,22.6,992.897949,23.62,992.976929,19:53:23,25/04/2022
85497,21.97,992.922974,22.54,992.908691,22.58,992.893921,23.61,992.978882,19:53:23,25/04/2022
85929,21.97,992.915771,22.53,992.909058,22.59,992.900452,23.61,992.982117,19:53:24,25/04/2022
86360,21.97,992.929688,22.53,992.904297,22.59,992.900696,23.6,992.981567,19:53:24,25/04/2022
86792,21.97,992.911316,22.54,992.907898,22.59,992.897888,23.61,992.987061,19:53:25,25/04/2022
87222,21.97,992.931091,22.53,992.920715,22.58,992.901001,23.61,992.986145,19:53:25,25/04/2022
87653,21.98,992.922791,22.54,992.920105,22.57,992.908936,23.61,992.98999,19:53:26,25/04/2022
88084,21.97,992.940369,22.53,992.927795,22.59,992.910645,23.61,992.995544,19:53:26,25/04/2022
88514,21.96,992.933044,22.53,992.925232,22.59,992.912598,23.61,992.996399,19:53:27,25/04/2022
88947,21.97,992.939514,22.54,992.933289,22.6,992.924377,23.61,992.997803,19:53:27,25/04/2022
89377,21.97,992.935364,22.55,992.935181,22.59,992.919067,23.61,993.002136,19:53:27,25/04/2022
89809,21.97,992.945313,22.54,992.928833,22.59,992.922607,23.61,993.002014,19:53:28,25/04/2022
90240,21.97,992.938721,22.54,992.925598,22.6,992.918823,23.6,992.99646,19:53:28,25/04/2022
90673,21.98,992.945923,22.54,992.929382,22.59,992.921875,23.6,992.997559,19:53:29,25/04/2022
91103,21.97,992.935303,22.55,992.930847,22.59,992.917053,23.6,992.997864,19:53:29,25/04/2022
91535,21.98,992.941956,22.54,992.925598,22.6,992.919128,23.6,992.993347,19:53:30,25/04/2022
91965,21.97,992.935242,22.55,992.923645,22.6,992.912109,23.6,992.992126,19:53:30,25/04/2022
92397,21.98,992.938965,22.55,992.926697,22.6,992.916077,23.6,992.996582,19:53:30,25/04/2022
92828,21.97,992.937256,22.55,992.928284,22.6,992.922058,23.6,993.000549,19:53:31,25/04/2022
93258,21.97,992.932495,22.55,992.93103,22.6,992.919373,23.6,992.997864,19:53:31,25/04/2022
93690,21.97,992.941589,22.55,992.935791,22.59,992.917969,23.59,992.998535,19:53:32,25/04/2022
94121,21.97,992.927734,22.55,992.927979,22.59,992.912292,23.59,992.997009,19:53:32,25/04/2022
94553,21.97,992.944946,22.56,992.92865,22.61,992.909058,23.59,992.993835,19:53:33,25/04/2022
94984,21.98,992.936035,22.56,992.924194,22.59,992.905518,23.59,992.992188,19:53:33,25/04/2022
95416,21.98,992.924927,22.57,992.918701,22.6,992.906189,23.59,992.988647,19:53:33,25/04/2022
95847,21.97,992.934753,22.57,992.911743,22.6,992.903748,23.59,992.986267,19:53:34,25/04/2022
96279,21.98,992.927795,22.56,992.914612,22.6,992.916077,23.6,992.994751,19:53:34,25/04/2022
96709,21.97,992.932739,22.56,992.921143,22.59,992.914368,23.58,992.997498,19:53:35,25/04/2022
97141,21.98,992.939392,22.56,992.921265,22.61,992.910889,23.59,992.996033,19:53:35,25/04/2022
97571,21.99,992.943726,22.57,992.920166,22.6,992.910706,23.59,992.994751,19:53:36,25/04/2022
98002,21.98,992.941589,22.57,992.923523,22.6,992.915649,23.58,992.993042,19:53:36,25/04/2022
98434,21.99,992.929749,22.57,992.919373,22.59,992.912415,23.59,992.993286,19:53:36,25/04/2022
98864,21.99,992.931641,22.57,992.919373,22.6,992.914001,23.59,992.992676,19:53:37,25/04/2022
99297,21.98,992.934998,22.57,992.920715,22.59,992.910339,23.59,992.993225,19:53:37,25/04/2022
99727,21.99,992.939697,22.57,992.923462,22.6,992.912842,23.59,992.996338,19:53:38,25/04/2022
100160,21.99,992.936096,22.57,992.921814,22.61,992.916809,23.6,992.996277,19:53:38,25/04/2022
100591,21.99,992.944519,22.57,992.917725,22.6,992.909607,23.59,992.996094,19:53:39,25/04/2022
101023,22,992.929993,22.57,992.925598,22.6,992.911255,23.6,992.995483,19:53:39,25/04/2022
106369,21.99,992.935303,22.57,992.91803,22.6,992.915955,23.59,992.993103,19:53:44,25/04/2022
106801,21.98,992.919312,22.59,992.907837,22.61,992.896545,23.59,992.982361,19:53:45,25/04/2022
107232,21.99,992.919128,22.59,992.912659,22.62,992.90448,23.59,992.983459,19:53:45,25/04/2022
107662,22,992.928894,22.6,992.918457,22.62,992.906616,23.58,992.986145,19:53:46,25/04/2022
108095,22,992.933105,22.6,992.919617,22.61,992.911621,23.58,992.991333,19:53:46,25/04/2022
108525,22,992.943115,22.6,992.92218,22.62,992.912476,23.58,992.99469,19:53:47,25/04/2022
108957,22.01,992.939453,22.59,992.921875,22.62,992.912842,23.59,992.995361,19:53:47,25/04/2022
109388,22,992.922974,22.6,992.926392,22.62,992.914856,23.58,992.99469,19:53:47,25/04/2022
109820,22,992.94165,22.6,992.920715,22.62,992.908508,23.58,992.994202,19:53:48,25/04/2022
110251,22,992.935608,22.6,992.928589,22.62,992.911621,23.59,993.000854,19:53:48,25/04/2022
110683,22,992.937866,22.61,992.927673,22.62,992.915283,23.58,992.997192,19:53:49,25/04/2022
111113,21.99,992.935608,22.6,992.91803,22.61,992.913574,23.58,992.993896,19:53:49,25/04/2022
111546,22,992.930603,22.61,992.922791,22.62,992.905396,23.58,992.992493,19:53:50,25/04/2022
111977,22,992.940613,22.61,992.92041,22.62,992.908203,23.58,992.99292,19:53:50,25/04/2022
112408,22.01,992.931946,22.61,992.92218,22.62,992.912109,23.57,992.993652,19:53:50,25/04/2022
112840,22.01,992.924072,22.61,992.932983,22.62,992.910217,23.57,992.995056,19:53:51,25/04/2022
113270,22.01,992.929993,22.62,992.928467,22.62,992.913757,23.58,992.99646,19:53:51,25/04/2022
113703,22.01,992.936462,22.62,992.936035,22.62,992.91626,23.58,993.000244,19:53:52,25/04/2022
114134,22,992.933838,22.63,992.933044,22.62,992.91156,23.58,992.999512,19:53:52,25/04/2022
114566,22.02,992.929626,22.62,992.931458,22.61,992.917725,23.59,993.000916,19:53:53,25/04/2022
114997,22.01,992.939148,22.61,992.926025,22.62,992.918274,23.58,993.000061,19:53:53,25/04/2022
115429,22.02,992.944702,22.62,992.930542,22.62,992.920715,23.58,993.003662,19:53:53,25/04/2022
115860,22.01,992.938843,22.62,992.937195,22.62,992.924683,23.58,993.006592,19:53:54,25/04/2022
116293,22.02,992.941223,22.63,992.94104,22.62,992.920105,23.59,993.012878,19:53:54,25/04/2022
116729,22.01,992.945862,22.63,992.939941,22.62,992.927246,23.58,993.010681,19:53:55,25/04/2022
117159,22.02,992.93573,22.63,992.934692,22.62,992.923279,23.57,993.006104,19:53:55,25/04/2022
117591,22.02,992.948669,22.64,992.933838,22.64,992.922607,23.58,993.005005,19:53:56,25/04/2022
118022,22.02,992.936279,22.63,992.933105,22.62,992.915405,23.58,993.00177,19:53:56,25/04/2022
118454,22.02,992.942139,22.63,992.929443,22.63,992.920715,23.58,993.009155,19:53:56,25/04/2022
118884,22.01,992.944946,22.63,992.944458,22.64,992.921143,23.58,993.010498,19:53:57,25/04/2022
119316,22.01,992.959778,22.63,992.93689,22.64,992.93042,23.57,993.01001,19:53:57,25/04/2022
119747,22.02,992.952026,22.63,992.937134,22.64,992.926636,23.58,993.016663,19:53:58,25/04/2022
120179,22.02,992.954041,22.63,992.942749,22.64,992.931396,23.58,993.018494,19:53:58,25/04/2022
120610,22.03,992.945801,22.63,992.942627,22.64,992.932434,23.57,993.017212,19:53:59,25/04/2022
121042,22.02,992.960938,22.64,992.943115,22.64,992.932007,23.58,993.020325,19:53:59,25/04/2022
121472,22.03,992.957336,22.64,992.944397,22.64,992.934692,23.57,993.018921,19:53:59,25/04/2022
121903,22.03,992.960327,22.64,992.945374,22.63,992.930542,23.57,993.018188,19:54:00,25/04/2022
122336,22.03,992.957886,22.65,992.944702,22.64,992.93396,23.58,993.017212,19:54:00,25/04/2022
122766,22.03,992.938843,22.65,992.935791,22.64,992.923828,23.57,993.009399,19:54:01,25/04/2022
123199,22.03,992.94696,22.65,992.925232,22.64,992.926086,23.57,993.003601,19:54:01,25/04/2022
123630,22.03,992.949219,22.64,992.926331,22.64,992.918579,23.57,993.0047,19:54:02,25/04/2022
124062,22.02,992.939392,22.64,992.928955,22.64,992.916016,23.57,993.003845,19:54:02,25/04/2022
124493,22.03,992.943665,22.64,992.923889,22.65,992.912903,23.57,993.001465,19:54:02,25/04/2022
124925,22.02,992.944275,22.64,992.925598,22.64,992.910645,23.57,993.000061,19:54:03,25/04/2022
125357,22.02,992.928345,22.65,992.925171,22.64,992.9151,23.56,993.000549,19:54:03,25/04/2022
125789,22.02,992.935791,22.65,992.921814,22.65,992.916809,23.57,992.999512,19:54:04,25/04/2022
126230,22.03,992.927185,22.65,992.924316,22.65,992.903748,23.57,992.994324,19:54:04,25/04/2022
126688,22.03,992.920654,22.65,992.910522,22.65,992.900696,23.57,992.986023,19:54:05,25/04/2022
127124,22.04,992.916321,22.65,992.909851,22.65,992.904236,23.56,992.984741,19:54:05,25/04/2022
127555,22.04,992.923218,22.65,992.915161,22.64,992.902893,23.57,992.991272,19:54:06,25/04/2022
127987,22.04,992.936279,22.65,992.919922,22.64,992.907349,23.57,992.997192,19:54:06,25/04/2022
128418,22.03,992.938599,22.66,992.934387,22.65,992.916809,23.57,993.003113,19:54:06,25/04/2022
128850,22.03,992.94165,22.66,992.927185,22.66,992.917236,23.56,993.001953,19:54:07,25/04/2022
129280,22.04,992.929932,22.66,992.933228,22.65,992.918579,23.57,993.00531,19:54:07,25/04/2022
129712,22.04,992.936951,22.67,992.927185,22.65,992.912659,23.57,992.997681,19:54:08,25/04/2022
130143,22.05,992.923523,22.66,992.922058,22.66,992.907593,23.57,992.98877,19:54:08,25/04/2022
130575,22.04,992.912659,22.66,992.908142,22.66,992.900635,23.57,992.982361,19:54:09,25/04/2022
131006,22.04,992.914368,22.67,992.90094,22.65,992.892639,23.57,992.980957,19:54:09,25/04/2022
131436,22.04,992.930847,22.67,992.91803,22.67,992.905396,23.57,992.983032,19:54:09,25/04/2022
131869,22.05,992.919067,22.66,992.915771,22.66,992.908813,23.57,992.992432,19:54:10,25/04/2022
132300,22.05,992.933533,22.67,992.930542,22.66,992.911743,23.57,992.994995,19:54:10,25/04/2022
132735,22.04,992.934631,22.66,992.924561,22.67,992.921265,23.57,993.004944,19:54:11,25/04/2022
133166,22.05,992.953918,22.67,992.933655,22.67,992.92688,23.57,993.011108,19:54:11,25/04/2022
133597,22.05,992.947266,22.68,992.942017,22.67,992.927185,23.56,993.012329,19:54:12,25/04/2022
134027,22.05,992.846008,22.67,992.872253,22.67,992.851379,23.56,993.01593,19:54:12,25/04/2022
134459,22.05,992.782166,22.68,992.802551,22.67,992.798645,23.56,993.016968,19:54:12,25/04/2022
134889,22.05,992.747437,22.68,992.762817,22.67,992.772827,23.56,993.015259,19:54:13,25/04/2022
135321,22.05,992.734314,22.68,992.755493,22.66,992.76178,23.56,993.017517,19:54:13,25/04/2022
135751,22.05,992.732117,22.67,992.752747,22.67,992.760071,23.57,993.018372,19:54:14,25/04/2022
136180,22.05,992.729858,22.67,992.749756,22.67,992.757324,23.56,993.015381,19:54:14,25/04/2022
136612,22.04,992.72821,22.66,992.746582,22.67,992.755005,23.57,993.014282,19:54:15,25/04/2022
137042,22.03,992.726379,22.67,992.746887,22.66,992.751221,23.58,993.014893,19:54:15,25/04/2022
137473,22.03,992.725159,22.67,992.746887,22.66,992.750366,23.58,993.011902,19:54:15,25/04/2022
137903,22.04,992.72229,22.67,992.744934,22.66,992.751221,23.57,993.010559,19:54:16,25/04/2022
138334,22.03,992.721802,22.66,992.741821,22.66,992.74646,23.57,993.007202,19:54:16,25/04/2022
138764,22.04,992.719849,22.67,992.741089,22.67,992.745728,23.57,993.006592,19:54:17,25/04/2022
139195,22.04,992.716553,22.67,992.740295,22.65,992.743591,23.57,993.003845,19:54:17,25/04/2022
139625,22.03,992.717285,22.66,992.739197,22.66,992.74353,23.57,993.004639,19:54:18,25/04/2022
140057,22.03,992.717712,22.67,992.738464,22.67,992.74408,23.58,993.004395,19:54:18,25/04/2022
140486,22.04,992.713684,22.67,992.737061,22.67,992.742249,23.58,993.004395,19:54:18,25/04/2022
140920,22.03,992.715698,22.67,992.736694,22.67,992.73999,23.57,993.001892,19:54:19,25/04/2022
141351,22.04,992.716553,22.67,992.739746,22.66,992.742981,23.58,993.004395,19:54:19,25/04/2022
141781,22.04,992.721069,22.67,992.744141,22.67,992.747803,23.58,993.007507,19:54:20,25/04/2022
142212,22.04,992.724304,22.67,992.747498,22.66,992.750793,23.57,993.011353,19:54:20,25/04/2022
142642,22.04,992.725647,22.66,992.747314,22.66,992.753296,23.57,993.011475,19:54:21,25/04/2022
143074,22.04,992.729126,22.67,992.753113,22.66,992.752686,23.58,993.012878,19:54:21,25/04/2022
143503,22.03,992.973389,22.66,992.961853,22.67,992.983887,23.58,993.039612,19:54:21,25/04/2022
143935,22.03,992.989441,22.67,992.978149,22.66,992.956848,23.58,993.023621,19:54:22,25/04/2022
144366,22.04,992.99353,22.67,992.981567,22.67,992.967102,23.58,993.024353,19:54:22,25/04/2022
144798,22.05,992.996704,22.68,992.979553,22.67,992.965576,23.57,993.023193,19:54:23,25/04/2022
145228,22.05,992.990295,22.69,992.977966,22.67,992.961182,23.58,993.014893,19:54:23,25/04/2022
145658,22.05,992.987122,22.69,992.968262,22.67,992.950378,23.57,993.011658,19:54:24,25/04/2022
146090,22.05,992.985962,22.68,992.967407,22.67,992.959167,23.57,993.012634,19:54:24,25/04/2022
146521,22.04,992.977417,22.69,992.965881,22.68,992.950134,23.56,993.008545,19:54:25,25/04/2022
146953,22.05,992.991821,22.68,992.965759,22.67,992.952637,23.56,993.008911,19:54:25,25/04/2022
147384,22.05,992.967834,22.69,992.963623,22.68,992.946716,23.57,993.007324,19:54:25,25/04/2022
147816,22.06,992.980286,22.69,992.961792,22.67,992.946533,23.56,993.003662,19:54:26,25/04/2022
148246,22.05,992.965149,22.69,992.961853,22.68,992.946899,23.56,993.000732,19:54:26,25/04/2022
148679,22.05,992.981812,22.69,992.969238,22.67,992.952881,23.56,993.002991,19:54:27,25/04/2022
149109,22.06,992.982239,22.69,992.968994,22.68,992.952637,23.56,992.999817,19:54:27,25/04/2022
149541,22.06,992.994141,22.7,992.970886,22.67,992.950928,23.56,992.995911,19:54:28,25/04/2022
149972,22.06,992.98584,22.69,992.974915,22.69,992.965637,23.56,992.999695,19:54:28,25/04/2022
150403,22.06,993.014221,22.7,992.980469,22.69,992.967285,23.56,992.999268,19:54:28,25/04/2022
150835,22.06,993.018494,22.7,992.998901,22.68,992.980652,23.55,993.014587,19:54:29,25/04/2022
151265,22.06,993.020935,22.7,993.000916,22.69,992.97583,23.55,993.006348,19:54:29,25/04/2022
151698,22.07,993.02002,22.7,993.003845,22.69,992.980469,23.55,993.005066,19:54:30,25/04/2022
152129,22.07,993.008301,22.71,992.996338,22.68,992.978455,23.54,993.003357,19:54:30,25/04/2022
152562,22.07,993.026855,22.7,992.988464,22.69,992.983337,23.54,993.002869,19:54:31,25/04/2022
152999,22.07,993.018921,22.71,993.003845,22.69,992.978149,23.55,993.003418,19:54:31,25/04/2022
153430,22.06,993.035889,22.71,993.008118,22.69,992.985596,23.55,992.999695,19:54:31,25/04/2022
153861,22.06,993.009766,22.71,992.985168,22.69,992.971802,23.54,992.995178,19:54:32,25/04/2022
154293,22.07,993.009399,22.71,993.000366,22.7,992.976746,23.54,992.994202,19:54:32,25/04/2022
154723,22.06,993.014465,22.71,992.987122,22.7,992.973145,23.53,992.989502,19:54:33,25/04/2022
155153,22.07,993.022949,22.72,992.99408,22.69,992.971313,23.54,992.98999,19:54:33,25/04/2022
155584,22.09,993.008362,22.72,992.990417,22.71,992.973511,23.54,992.989685,19:54:34,25/04/2022
156014,22.07,993.016174,22.72,992.994629,22.7,992.973694,23.53,992.990723,19:54:34,25/04/2022
156446,22.08,993.02417,22.72,992.998901,22.7,992.975647,23.54,992.99292,19:54:34,25/04/2022
156876,22.08,993.023071,22.72,992.997253,22.7,992.969788,23.53,992.991089,19:54:35,25/04/2022
157308,22.07,993.012939,22.73,992.994873,22.71,992.977722,23.54,992.996887,19:54:35,25/04/2022
157738,22.08,993.021484,22.73,992.998291,22.7,992.981812,23.53,992.99823,19:54:36,25/04/2022
158170,22.09,993.014526,22.73,992.994751,22.71,992.979675,23.54,992.999146,19:54:36,25/04/2022
158599,22.08,993.011963,22.73,992.992188,22.7,992.981506,23.54,992.993774,19:54:37,25/04/2022
163946,22.08,993.020996,22.74,993.000061,22.71,992.970947,23.53,992.989197,19:54:42,25/04/2022
164376,22.1,993.00946,22.75,992.97406,22.73,992.962524,23.51,992.976868,19:54:42,25/04/2022
164806,22.09,993.00116,22.76,992.980469,22.73,992.964294,23.51,992.974243,19:54:43,25/04/2022
165238,22.09,993.010681,22.75,992.980164,22.73,992.956543,23.52,992.973206,19:54:43,25/04/2022
165669,22.1,992.996704,22.76,992.975098,22.73,992.950928,23.51,992.966309,19:54:44,25/04/2022
166101,22.09,992.981201,22.76,992.966736,22.72,992.947266,23.52,992.963074,19:54:44,25/04/2022
166531,22.1,992.985107,22.77,992.966797,22.74,992.946655,23.52,992.959595,19:54:45,25/04/2022
166963,22.1,992.987793,22.77,992.96344,22.74,992.945068,23.52,992.960083,19:54:45,25/04/2022
167392,22.11,992.992737,22.76,992.966492,22.74,992.94696,23.53,992.965332,19:54:45,25/04/2022
167825,22.11,992.984863,22.77,992.962036,22.74,992.940918,23.52,992.960999,19:54:46,25/04/2022
168256,22.12,992.98822,22.77,992.95343,22.74,992.949158,23.52,992.959534,19:54:46,25/04/2022
168689,22.11,992.986816,22.77,992.953491,22.74,992.945679,23.52,992.959229,19:54:47,25/04/2022
169120,22.11,992.995483,22.77,992.960999,22.74,992.942261,23.51,992.956116,19:54:47,25/04/2022
169550,22.11,992.991821,22.77,992.961975,22.75,992.949158,23.52,992.960205,19:54:48,25/04/2022
169982,22.11,992.990845,22.79,992.965637,22.74,992.940002,23.51,992.958435,19:54:48,25/04/2022
170412,22.12,992.971619,22.78,992.961548,22.74,992.941589,23.52,992.960938,19:54:48,25/04/2022
170844,22.12,992.983765,22.79,992.959351,22.74,992.942505,23.52,992.962891,19:54:49,25/04/2022
171274,22.12,992.972046,22.79,992.956543,22.74,992.944275,23.52,992.958801,19:54:49,25/04/2022
171706,22.11,992.978516,22.79,992.959229,22.75,992.9422,23.53,992.961243,19:54:50,25/04/2022
172136,22.12,992.98938,22.79,992.96167,22.75,992.942993,23.52,992.964661,19:54:50,25/04/2022
172568,22.12,992.988525,22.8,992.964905,22.76,992.948303,23.52,992.964783,19:54:51,25/04/2022
172998,22.12,992.992737,22.8,992.96228,22.76,992.947754,23.52,992.966492,19:54:51,25/04/2022
173430,22.12,992.986389,22.8,992.965637,22.76,992.946228,23.51,992.963257,19:54:51,25/04/2022
173861,22.12,992.99408,22.81,992.96405,22.74,992.941711,23.52,992.963074,19:54:52,25/04/2022
174290,22.12,992.972961,22.81,992.965759,22.76,992.942444,23.52,992.962646,19:54:52,25/04/2022
174723,22.13,992.991333,22.81,992.969666,22.75,992.94458,23.51,992.962402,19:54:53,25/04/2022
175153,22.13,992.97821,22.81,992.963928,22.75,992.941101,23.52,992.962524,19:54:53,25/04/2022
175585,22.13,992.976318,22.81,992.967041,22.75,992.942322,23.52,992.964905,19:54:54,25/04/2022
176015,22.12,992.985474,22.81,992.961853,22.76,992.941345,23.51,992.962158,19:54:54,25/04/2022
181362,22.13,992.987122,22.81,992.963379,22.77,992.946899,23.52,992.963745,19:54:59,25/04/2022
181792,22.15,992.965698,22.84,992.942749,22.77,992.929688,23.51,992.947327,19:55:00,25/04/2022
182224,22.16,992.972046,22.84,992.952759,22.78,992.931152,23.52,992.955811,19:55:00,25/04/2022
182656,22.16,992.991089,22.84,992.965576,22.78,992.94397,23.52,992.966064,19:55:01,25/04/2022
183088,22.16,992.989929,22.84,992.967407,22.79,992.953064,23.51,992.971619,19:55:01,25/04/2022
183518,22.16,992.99585,22.84,992.977905,22.79,992.954712,23.52,992.972656,19:55:02,25/04/2022
183948,22.16,992.987549,22.84,992.965881,22.78,992.946899,23.52,992.968933,19:55:02,25/04/2022
184381,22.17,992.994873,22.85,992.96228,22.8,992.946533,23.52,992.969788,19:55:02,25/04/2022
184812,22.17,992.978821,22.85,992.969849,22.8,992.95166,23.52,992.968506,19:55:03,25/04/2022
185244,22.17,992.983032,22.86,992.961121,22.79,992.941406,23.51,992.966492,19:55:03,25/04/2022
185675,22.17,993.000061,22.85,992.965149,22.79,992.951355,23.51,992.965637,19:55:04,25/04/2022
186107,22.18,992.988037,22.86,992.966614,22.8,992.947083,23.52,992.966553,19:55:04,25/04/2022
186538,22.18,992.980957,22.86,992.969788,22.8,992.949524,23.51,992.966309,19:55:05,25/04/2022
186971,22.18,992.991272,22.86,992.96283,22.79,992.948486,23.51,992.96698,19:55:05,25/04/2022
187402,22.17,992.978271,22.86,992.966858,22.81,992.946716,23.51,992.966858,19:55:05,25/04/2022
187834,22.18,992.9776,22.86,992.965637,22.81,992.947021,23.51,992.964539,19:55:06,25/04/2022
188265,22.18,992.992493,22.87,992.965027,22.81,992.947083,23.52,992.966309,19:55:06,25/04/2022
188696,22.18,992.981018,22.87,992.964478,22.82,992.943298,23.52,992.966431,19:55:07,25/04/2022
189129,22.18,993.002441,22.87,992.963135,22.82,992.947632,23.52,992.966858,19:55:07,25/04/2022
189559,22.17,993.001404,22.87,992.960449,22.83,992.944092,23.51,992.970764,19:55:08,25/04/2022
189997,22.18,992.99585,22.87,992.96936,22.83,992.953308,23.51,992.971802,19:55:08,25/04/2022
190428,22.18,992.994202,22.88,992.971436,22.83,992.950378,23.51,992.97052,19:55:08,25/04/2022
190861,22.19,992.992249,22.87,992.964844,22.82,992.950989,23.51,992.970093,19:55:09,25/04/2022
191291,22.19,992.982422,22.87,992.968567,22.83,992.950867,23.51,992.969116,19:55:09,25/04/2022
191724,22.19,992.983887,22.87,992.972351,22.83,992.948608,23.52,992.970764,19:55:10,25/04/2022
192154,22.19,992.98938,22.88,992.969238,22.82,992.948364,23.52,992.972656,19:55:10,25/04/2022
192586,22.19,992.988342,22.88,992.964539,22.83,992.94635,23.51,992.970093,19:55:11,25/04/2022
193016,22.19,992.984924,22.88,992.961731,22.83,992.944702,23.5,992.96283,19:55:11,25/04/2022
193446,22.19,992.984619,22.89,992.957886,22.82,992.940857,23.52,992.964905,19:55:11,25/04/2022
193879,22.2,992.981689,22.88,992.961426,22.83,992.942017,23.51,992.964355,19:55:12,25/04/2022
194309,22.19,992.981689,22.89,992.960999,22.83,992.948181,23.51,992.967712,19:55:12,25/04/2022
194741,22.19,992.976624,22.9,992.960144,22.82,992.939758,23.5,992.967896,19:55:13,25/04/2022
195172,22.2,992.989441,22.89,992.956726,22.83,992.94281,23.5,992.964661,19:55:13,25/04/2022
195604,22.2,992.988831,22.89,992.962708,22.82,992.944214,23.51,992.966309,19:55:14,25/04/2022
196034,22.2,992.994873,22.9,992.961731,22.83,992.944519,23.51,992.966492,19:55:14,25/04/2022
196466,22.2,992.975708,22.9,992.959167,22.84,992.944824,23.5,992.964233,19:55:14,25/04/2022
196896,22.2,992.970642,22.9,992.960938,22.83,992.941772,23.5,992.961548,19:55:15,25/04/2022
197329,22.21,992.973389,22.91,992.957581,22.83,992.946655,23.5,992.965698,19:55:15,25/04/2022
197759,22.2,992.973999,22.9,992.954224,22.83,992.938232,23.5,992.958923,19:55:16,25/04/2022
198190,22.2,992.973816,22.91,992.945374,22.84,992.933533,23.5,992.952759,19:55:16,25/04/2022
198622,22.21,992.972839,22.9,992.942627,22.85,992.929443,23.5,992.951904,19:55:17,25/04/2022
199052,22.21,992.958191,22.91,992.946167,22.85,992.926025,23.49,992.946899,19:55:17,25/04/2022
199484,22.21,992.967285,22.9,992.938293,22.85,992.921143,23.49,992.944824,19:55:17,25/04/2022
199914,22.2,992.967896,22.9,992.939392,22.85,992.923767,23.49,992.944702,19:55:18,25/04/2022
200350,22.21,992.969666,22.92,992.943542,22.85,992.924316,23.49,992.945923,19:55:18,25/04/2022
200781,22.21,992.953186,22.91,992.938354,22.85,992.923889,23.49,992.947205,19:55:19,25/04/2022
201213,22.22,992.960388,22.92,992.943115,22.85,992.926819,23.49,992.954834,19:55:19,25/04/2022
201643,22.22,992.971924,22.92,992.959045,22.85,992.93811,23.49,992.960022,19:55:20,25/04/2022
202076,22.21,992.985962,22.92,992.95929,22.86,992.939636,23.5,992.963257,19:55:20,25/04/2022
202507,22.21,992.987366,22.92,992.9599,22.86,992.940674,23.49,992.96698,19:55:20,25/04/2022
202937,22.21,992.986694,22.92,992.957092,22.85,992.945251,23.48,992.965454,19:55:21,25/04/2022
203373,22.21,992.986633,22.93,992.961304,22.86,992.946655,23.48,992.965027,19:55:21,25/04/2022
203804,22.2,992.982178,22.93,992.964294,22.86,992.939392,23.48,992.966187,19:55:22,25/04/2022
204236,22.21,992.976379,22.92,992.957642,22.86,992.940613,23.48,992.965393,19:55:22,25/04/2022
204667,22.21,992.991638,22.94,992.974915,22.87,992.94342,23.48,992.965881,19:55:23,25/04/2022
205100,22.22,992.99054,22.94,992.963135,22.87,992.946167,23.48,992.966797,19:55:23,25/04/2022
205530,22.22,992.986328,22.93,992.963501,22.87,992.950684,23.48,992.968994,19:55:24,25/04/2022
205963,22.23,992.986145,22.94,992.960083,22.86,992.951111,23.48,992.968567,19:55:24,25/04/2022
206394,22.23,992.974976,22.94,992.957275,22.87,992.943909,23.47,992.965881,19:55:24,25/04/2022
206826,22.23,992.987671,22.95,992.965698,22.88,992.943848,23.47,992.967651,19:55:25,25/04/2022
207257,22.23,992.992432,22.95,992.962341,22.87,992.948914,23.48,992.97052,19:55:25,25/04/2022
207690,22.24,992.992188,22.95,992.963928,22.88,992.941101,23.47,992.96759,19:55:26,25/04/2022
208121,22.23,992.978699,22.95,992.9646,22.88,992.947083,23.48,992.971436,19:55:26,25/04/2022
208551,22.24,992.978577,22.95,992.973389,22.87,992.945313,23.48,992.970459,19:55:27,25/04/2022
208983,22.23,992.992371,22.95,992.967712,22.88,992.948914,23.47,992.96991,19:55:27,25/04/2022
209414,22.23,992.984192,22.96,992.9729,22.88,992.951538,23.47,992.968567,19:55:27,25/04/2022
209847,22.24,992.957886,22.95,992.921387,22.88,992.906433,23.48,992.973206,19:55:28,25/04/2022
210278,22.24,992.801636,22.95,992.793518,22.89,992.791382,23.47,992.972656,19:55:28,25/04/2022
210710,22.24,992.737061,22.95,992.742554,22.88,992.744385,23.48,992.971497,19:55:29,25/04/2022
211139,22.24,992.699463,22.95,992.716003,22.88,992.721191,23.48,992.97052,19:55:29,25/04/2022
211571,22.23,992.685486,22.95,992.705322,22.88,992.71228,23.48,992.971436,19:55:30,25/04/2022
212002,22.24,992.685242,22.95,992.702759,22.88,992.710327,23.48,992.970459,19:55:30,25/04/2022
212432,22.24,992.68219,22.95,992.701721,22.88,992.708618,23.48,992.970886,19:55:30,25/04/2022
212861,22.24,992.678467,22.94,992.697632,22.88,992.706177,23.48,992.966248,19:55:31,25/04/2022
213292,22.23,992.682373,22.94,992.699585,22.88,992.707336,23.48,992.96875,19:55:31,25/04/2022
213724,22.23,992.682678,22.94,992.702881,22.88,992.709717,23.47,992.968384,19:55:32,25/04/2022
214155,22.22,992.679749,22.94,992.700378,22.88,992.707336,23.48,992.968933,19:55:32,25/04/2022
214587,22.22,992.679688,22.94,992.701782,22.88,992.704346,23.48,992.966003,19:55:33,25/04/2022
215017,22.21,992.683777,22.95,992.705688,22.88,992.710083,23.49,992.972473,19:55:33,25/04/2022
215450,22.21,992.68689,22.94,992.707764,22.88,992.712585,23.48,992.973511,19:55:33,25/04/2022
215880,22.22,992.68689,22.94,992.707397,22.88,992.713684,23.49,992.974121,19:55:34,25/04/2022
216311,22.21,992.686951,22.94,992.707764,22.88,992.713684,23.48,992.974915,19:55:34,25/04/2022
216747,22.22,992.685852,22.93,992.706848,22.87,992.713928,23.49,992.974243,19:55:35,25/04/2022
217177,22.23,992.68396,22.93,992.703674,22.88,992.711487,23.48,992.971252,19:55:35,25/04/2022
217609,22.22,992.682678,22.92,992.70343,22.87,992.711243,23.49,992.970215,19:55:36,25/04/2022
218039,22.22,992.889282,22.93,992.89624,22.88,992.903992,23.49,992.973389,19:55:36,25/04/2022
218471,22.22,993.035522,22.93,993.002197,22.88,992.983643,23.48,992.96814,19:55:36,25/04/2022
218902,22.23,993.070313,22.94,993.023804,22.89,993.003052,23.48,992.968201,19:55:37,25/04/2022
219334,22.24,993.125305,22.95,993.077209,22.89,993.02179,23.48,992.967712,19:55:37,25/04/2022
219764,22.25,993.145264,22.95,993.093506,22.88,993.066406,23.48,992.969299,19:55:38,25/04/2022
220197,22.24,993.169556,22.96,993.129456,22.89,993.075684,23.47,992.976624,19:55:38,25/04/2022
220628,22.24,993.200317,22.96,993.159607,22.88,993.127258,23.47,992.981201,19:55:39,25/04/2022
221060,22.24,993.17865,22.96,993.161072,22.9,993.127869,23.47,992.98407,19:55:39,25/04/2022
221490,22.25,993.193604,22.97,993.153931,22.89,993.127563,23.46,992.985291,19:55:39,25/04/2022
221920,22.25,993.232788,22.97,993.166077,22.9,993.147644,23.46,992.989319,19:55:40,25/04/2022
222353,22.26,993.185852,22.98,993.166748,22.89,993.141418,23.46,992.990295,19:55:40,25/04/2022
222783,22.26,993.216614,22.98,993.168884,22.91,993.135803,23.46,992.991638,19:55:41,25/04/2022
223215,22.26,993.214905,22.97,993.165955,22.91,993.13446,23.47,992.993835,19:55:41,25/04/2022
223646,22.26,993.230103,22.98,993.172058,22.91,993.135803,23.46,992.995056,19:55:42,25/04/2022
224078,22.26,993.219543,22.99,993.162659,22.92,993.131409,23.46,992.989868,19:55:42,25/04/2022
224508,22.27,993.199524,23,993.164063,22.92,993.127563,23.47,992.988647,19:55:42,25/04/2022
224939,22.27,993.203491,22.99,993.166809,22.92,993.137512,23.46,992.987915,19:55:43,25/04/2022
225370,22.27,993.215454,23,993.163208,22.92,993.130676,23.45,992.984985,19:55:43,25/04/2022
225812,22.28,993.19458,23.01,993.1651,22.93,993.128174,23.47,992.989685,19:55:44,25/04/2022
226242,22.29,993.231934,23.01,993.167908,22.93,993.129517,23.46,992.98938,19:55:44,25/04/2022
226673,22.28,993.188721,23.01,993.169312,22.92,993.131897,23.46,992.992432,19:55:45,25/04/2022
227104,22.28,993.193115,23.02,993.17157,22.93,993.137939,23.46,992.993652,19:55:45,25/04/2022
227534,22.28,993.202515,23.02,993.162415,22.94,993.136536,23.46,992.993286,19:55:46,25/04/2022
227967,22.29,993.215759,23.02,993.160461,22.94,993.131348,23.46,992.991272,19:55:46,25/04/2022
228397,22.28,993.221008,23.02,993.165283,22.93,993.136963,23.46,992.9953,19:55:46,25/04/2022
228829,22.29,993.202393,23.03,993.172974,22.95,993.147522,23.45,992.996094,19:55:47,25/04/2022
229259,22.29,993.215332,23.04,993.168579,22.94,993.140015,23.46,992.998413,19:55:47,25/04/2022
229692,22.3,993.209473,23.04,993.167114,22.95,993.141235,23.46,992.999451,19:55:48,25/04/2022
230122,22.3,993.202209,23.04,993.169312,22.95,993.133179,23.46,993.00116,19:55:48,25/04/2022
230554,22.29,993.188599,23.04,993.171021,22.95,993.139282,23.45,993.000854,19:55:49,25/04/2022
230984,22.3,993.232788,23.05,993.182373,22.95,993.139709,23.45,993.001404,19:55:49,25/04/2022
231414,22.3,993.192749,23.04,993.168274,22.96,993.14032,23.46,993.001404,19:55:49,25/04/2022
231846,22.31,993.216187,23.06,993.169312,22.96,993.143494,23.46,993.001099,19:55:50,25/04/2022
232276,22.31,993.218445,23.06,993.171265,22.97,993.143982,23.46,993,19:55:50,25/04/2022
232708,22.3,993.204468,23.07,993.170837,22.96,993.141724,23.45,993.002869,19:55:51,25/04/2022
233139,22.31,993.219238,23.07,993.174622,22.97,993.134277,23.45,993.001587,19:55:51,25/04/2022
233570,22.31,993.221619,23.06,993.167969,22.97,993.135376,23.46,993.003296,19:55:52,25/04/2022
234000,22.32,993.201904,23.07,993.171082,22.97,993.128052,23.46,993.000305,19:55:52,25/04/2022
234432,22.32,993.20813,23.07,993.168274,22.98,993.141968,23.46,993.002258,19:55:52,25/04/2022
234863,22.32,993.234558,23.07,993.166016,22.98,993.139221,23.45,993.002441,19:55:53,25/04/2022
235295,22.32,993.200989,23.08,993.161926,22.99,993.133606,23.45,993.002991,19:55:53,25/04/2022
235726,22.32,993.221924,23.08,993.168518,22.97,993.137085,23.45,993.003357,19:55:54,25/04/2022
236158,22.33,993.188843,23.09,993.171875,22.98,993.138611,23.45,993.004089,19:55:54,25/04/2022
236588,22.33,993.226807,23.09,993.167725,22.99,993.137024,23.45,993.004517,19:55:55,25/04/2022
237018,22.33,993.218384,23.09,993.170471,22.99,993.144348,23.44,993.003906,19:55:55,25/04/2022
237450,22.33,993.234375,23.1,993.169434,22.99,993.137085,23.45,993.004822,19:55:55,25/04/2022
237880,22.34,993.197083,23.09,993.16626,22.99,993.137756,23.44,993.004944,19:55:56,25/04/2022
238313,22.35,993.217529,23.1,993.173645,23,993.142639,23.44,993.0047,19:55:56,25/04/2022
238743,22.34,993.206116,23.1,993.170837,22.99,993.142883,23.43,993.006775,19:55:57,25/04/2022
239175,22.34,993.209534,23.1,993.168762,23,993.13916,23.44,993.004761,19:55:57,25/04/2022
239606,22.34,993.178101,23.12,993.177002,23,993.133667,23.44,993.000732,19:55:58,25/04/2022
240038,22.35,993.192139,23.12,993.170715,23,993.139038,23.43,993.001221,19:55:58,25/04/2022
240469,22.35,993.222473,23.13,993.173523,23,993.14093,23.44,993.001587,19:55:58,25/04/2022
240901,22.35,993.211731,23.13,993.170532,23.01,993.137451,23.44,993.000732,19:55:59,25/04/2022
241331,22.36,993.211426,23.12,993.170654,23.01,993.145996,23.44,993.002258,19:55:59,25/04/2022
241762,22.36,993.221924,23.13,993.170959,23.01,993.140381,23.44,993.00177,19:56:00,25/04/2022
242194,22.36,993.198303,23.13,993.166565,23.02,993.132996,23.43,993.000244,19:56:00,25/04/2022
242625,22.37,993.185791,23.14,993.168213,23.02,993.138306,23.43,993.00061,19:56:01,25/04/2022
243058,22.37,993.22052,23.14,993.170166,23.02,993.134583,23.44,993.003113,19:56:01,25/04/2022
243489,22.37,993.240479,23.14,993.167603,23.03,993.132751,23.43,993.002686,19:56:01,25/04/2022
243922,22.37,993.213745,23.14,993.167786,23.03,993.144226,23.42,993.004211,19:56:02,25/04/2022
244352,22.38,993.216248,23.15,993.173462,23.03,993.141968,23.43,993.006409,19:56:02,25/04/2022
244785,22.38,993.23999,23.16,993.174316,23.04,993.145935,23.42,993.006958,19:56:03,25/04/2022
245216,22.38,993.21167,23.16,993.174988,23.04,993.138672,23.42,993.003723,19:56:03,25/04/2022
245648,22.38,993.23877,23.16,993.172485,23.04,993.141113,23.42,993.003296,19:56:04,25/04/2022
246079,22.38,993.220764,23.16,993.172119,23.03,993.140259,23.41,993.002441,19:56:04,25/04/2022
246510,22.38,993.214539,23.16,993.175049,23.04,993.142273,23.42,993.003845,19:56:04,25/04/2022
246942,22.39,993.195862,23.17,993.165771,23.04,993.13916,23.42,993.003662,19:56:05,25/04/2022
247373,22.39,993.184692,23.17,993.159851,23.04,993.132751,23.41,992.995056,19:56:05,25/04/2022
247806,22.4,993.19812,23.17,993.170105,23.05,993.139465,23.42,993.00946,19:56:06,25/04/2022
248236,22.39,993.233887,23.17,993.178223,23.06,993.148621,23.41,993.006104,19:56:06,25/04/2022
248669,22.39,993.232117,23.18,993.172729,23.05,993.148926,23.4,993.008118,19:56:07,25/04/2022
249099,22.4,993.211487,23.18,993.18811,23.06,993.143372,23.4,993.006653,19:56:07,25/04/2022
249531,22.4,993.217896,23.18,993.175293,23.06,993.140442,23.4,993.004517,19:56:08,25/04/2022
249962,22.4,993.214111,23.18,993.167969,23.06,993.140381,23.41,993.003845,19:56:08,25/04/2022
250394,22.41,993.234436,23.19,993.166382,23.07,993.136658,23.4,992.997314,19:56:08,25/04/2022
250825,22.4,993.192871,23.2,993.159363,23.06,993.136719,23.4,992.993103,19:56:09,25/04/2022
251255,22.41,993.192322,23.2,993.159241,23.07,993.128845,23.4,992.992004,19:56:09,25/04/2022
251687,22.42,993.217041,23.2,993.158691,23.06,993.127991,23.41,992.992798,19:56:10,25/04/2022
252118,22.42,993.202637,23.2,993.159363,23.07,993.124817,23.4,992.992371,19:56:10,25/04/2022
252551,22.42,993.200989,23.2,993.159302,23.08,993.123962,23.4,992.992004,19:56:11,25/04/2022
252988,22.43,993.189514,23.2,993.150024,23.07,993.126587,23.4,992.991272,19:56:11,25/04/2022
253419,22.42,993.184814,23.2,993.150574,23.09,993.123047,23.4,992.984375,19:56:11,25/04/2022
253850,22.42,993.179077,23.21,993.146545,23.08,993.128601,23.39,992.978027,19:56:12,25/04/2022
254281,22.43,993.183105,23.21,993.147583,23.08,993.118408,23.39,992.984375,19:56:12,25/04/2022
254711,22.42,993.186035,23.21,993.148743,23.09,993.12439,23.4,992.988525,19:56:13,25/04/2022
255143,22.43,993.185608,23.22,993.15802,23.1,993.126038,23.4,992.987976,19:56:13,25/04/2022
255574,22.43,993.194092,23.21,993.154785,23.1,993.125793,23.4,992.986389,19:56:14,25/04/2022
256004,22.43,993.21759,23.22,993.153503,23.1,993.126038,23.4,992.987122,19:56:14,25/04/2022
256436,22.43,993.174744,23.22,993.141724,23.11,993.116821,23.39,992.985718,19:56:14,25/04/2022
256865,22.43,993.200989,23.23,993.149353,23.11,993.118347,23.39,992.983643,19:56:15,25/04/2022
257297,22.43,993.213684,23.22,993.148682,23.11,993.12439,23.38,992.98407,19:56:15,25/04/2022
257727,22.44,993.189209,23.24,993.149658,23.11,993.119446,23.39,992.984741,19:56:16,25/04/2022
258159,22.45,993.17627,23.24,993.153076,23.12,993.121887,23.39,992.984314,19:56:16,25/04/2022
258588,22.44,993.178284,23.25,993.156189,23.12,993.116577,23.39,992.981812,19:56:17,25/04/2022
259020,22.44,993.200134,23.25,993.152954,23.11,993.108765,23.39,992.981873,19:56:17,25/04/2022
259450,22.44,993.194824,23.26,993.145935,23.11,993.117676,23.39,992.982483,19:56:17,25/04/2022
259882,22.45,993.197083,23.26,993.141968,23.12,993.11438,23.38,992.981873,19:56:18,25/04/2022
260312,22.45,993.195251,23.26,993.142273,23.13,993.114624,23.38,992.978455,19:56:18,25/04/2022
260741,22.45,993.181702,23.26,993.140686,23.12,993.114075,23.38,992.976624,19:56:19,25/04/2022
261172,22.46,993.19812,23.26,993.131226,23.12,993.111084,23.38,992.976196,19:56:19,25/04/2022
261601,22.45,993.19342,23.25,993.14032,23.13,993.107483,23.38,992.976807,19:56:20,25/04/2022
262033,22.46,993.19928,23.27,993.144531,23.13,993.103821,23.37,992.975769,19:56:20,25/04/2022
262464,22.47,993.187012,23.28,993.143372,23.13,993.111389,23.37,992.977478,19:56:20,25/04/2022
262895,22.46,993.179077,23.27,993.151123,23.13,993.110474,23.37,992.978149,19:56:21,25/04/2022
263325,22.47,993.196106,23.28,993.15094,23.14,993.116821,23.37,992.98053,19:56:21,25/04/2022
263760,22.47,993.177917,23.28,993.145081,23.14,993.119141,23.37,992.981934,19:56:22,25/04/2022
264190,22.47,993.202942,23.28,993.133667,23.14,993.104675,23.37,992.976257,19:56:22,25/04/2022
264622,22.48,993.198425,23.28,993.14502,23.14,993.117676,23.36,992.983826,19:56:23,25/04/2022
265052,22.48,993.213989,23.29,993.150208,23.15,993.122253,23.36,992.986145,19:56:23,25/04/2022
265483,22.49,993.190247,23.29,993.153076,23.15,993.129761,23.36,992.990723,19:56:23,25/04/2022
265915,22.48,993.224792,23.29,993.156982,23.15,993.133301,23.36,992.994995,19:56:24,25/04/2022
266347,22.48,993.205933,23.3,993.167664,23.15,993.144836,23.36,992.996887,19:56:24,25/04/2022
266779,22.48,993.227173,23.3,993.17334,23.16,993.140259,23.36,992.999512,19:56:25,25/04/2022
267210,22.49,993.200684,23.3,993.171936,23.15,993.14679,23.35,992.996948,19:56:25,25/04/2022
267642,22.48,993.217529,23.3,993.173096,23.16,993.137756,23.36,992.997192,19:56:26,25/04/2022
268072,22.5,993.229309,23.31,993.176514,23.16,993.140564,23.35,992.998901,19:56:26,25/04/2022
268505,22.5,993.208252,23.31,993.167236,23.16,993.145447,23.35,993.000366,19:56:26,25/04/2022
268936,22.5,993.199829,23.31,993.16803,23.17,993.137634,23.35,992.998291,19:56:27,25/04/2022
269368,22.49,993.202881,23.32,993.164429,23.17,993.136658,23.36,992.999939,19:56:27,25/04/2022
269799,22.49,993.18158,23.31,993.164856,23.17,993.128357,23.35,992.990601,19:56:28,25/04/2022
270230,22.5,993.177246,23.32,993.1521,23.17,993.120056,23.35,992.984436,19:56:28,25/04/2022
270663,22.49,993.178833,23.32,993.153687,23.18,993.118958,23.35,992.980225,19:56:29,25/04/2022
271093,22.5,993.159302,23.32,993.151978,23.18,993.119385,23.35,992.981262,19:56:29,25/04/2022
271526,22.5,993.207886,23.33,993.156189,23.18,993.121399,23.35,992.982361,19:56:30,25/04/2022
271957,22.5,993.16626,23.33,993.150635,23.18,993.120789,23.35,992.978271,19:56:30,25/04/2022
272390,22.51,993.179993,23.33,993.150085,23.19,993.11554,23.34,992.979614,19:56:30,25/04/2022
272821,22.51,993.19104,23.33,993.149048,23.19,993.123596,23.34,992.981506,19:56:31,25/04/2022
273254,22.51,993.180725,23.34,993.14209,23.18,993.117126,23.34,992.975159,19:56:31,25/04/2022
273684,22.51,993.185059,23.35,993.15802,23.18,993.120605,23.34,992.981628,19:56:32,25/04/2022
274117,22.53,993.186035,23.35,993.156616,23.18,993.132813,23.34,992.987915,19:56:32,25/04/2022
274548,22.52,993.056152,23.34,993.122559,23.19,993.061646,23.34,992.988342,19:56:33,25/04/2022
274979,22.53,992.851563,23.35,992.897278,23.19,992.870544,23.34,992.988342,19:56:33,25/04/2022
275412,22.52,992.766418,23.33,992.769836,23.19,992.790955,23.34,992.990723,19:56:33,25/04/2022
275843,22.51,992.723145,23.33,992.737793,23.18,992.749268,23.35,992.994385,19:56:34,25/04/2022
276276,22.51,992.70697,23.33,992.725952,23.19,992.732788,23.34,992.993347,19:56:34,25/04/2022
276707,22.5,992.702515,23.32,992.723755,23.18,992.730652,23.35,992.994141,19:56:35,25/04/2022
277140,22.49,992.704346,23.31,992.724365,23.18,992.72821,23.35,992.994324,19:56:35,25/04/2022
277571,22.49,992.70282,23.31,992.723572,23.18,992.729919,23.34,992.993896,19:56:36,25/04/2022
278004,22.48,992.704041,23.31,992.724426,23.18,992.730103,23.35,992.993286,19:56:36,25/04/2022
278435,22.48,992.70282,23.3,992.722046,23.18,992.727356,23.35,992.991394,19:56:36,25/04/2022
278868,22.47,992.693359,23.31,992.712524,23.17,992.715088,23.35,992.981934,19:56:37,25/04/2022
279298,22.47,992.67749,23.31,992.701111,23.17,992.704895,23.35,992.971191,19:56:37,25/04/2022
279735,22.47,992.679382,23.3,992.697083,23.17,992.70282,23.35,992.967102,19:56:38,25/04/2022
280168,22.48,992.681702,23.29,992.700684,23.18,992.705994,23.36,992.970215,19:56:38,25/04/2022
280599,22.46,992.678589,23.29,992.699524,23.17,992.704224,23.36,992.968445,19:56:39,25/04/2022
281032,22.48,992.679688,23.29,992.700134,23.17,992.705261,23.35,992.966614,19:56:39,25/04/2022
281463,22.47,992.679138,23.29,992.700867,23.17,992.706848,23.36,992.968262,19:56:39,25/04/2022
281896,22.47,992.677673,23.29,992.69873,23.16,992.705811,23.36,992.970886,19:56:40,25/04/2022
282327,22.47,992.679504,23.28,992.702759,23.15,992.707275,23.36,992.969788,19:56:40,25/04/2022
282760,22.46,992.681946,23.29,992.701233,23.17,992.70752,23.36,992.969482,19:56:41,25/04/2022
283191,22.46,992.678101,23.29,992.700806,23.17,992.704285,23.37,992.969116,19:56:41,25/04/2022
283624,22.46,992.678894,23.28,992.700439,23.17,992.704834,23.36,992.969666,19:56:42,25/04/2022
284055,22.46,992.67572,23.29,992.697327,23.17,992.699951,23.36,992.966614,19:56:42,25/04/2022
284486,22.46,992.673889,23.28,992.695679,23.17,992.700317,23.37,992.96344,19:56:42,25/04/2022
284919,22.46,992.673035,23.27,992.691956,23.17,992.69751,23.37,992.963379,19:56:43,25/04/2022
285350,22.46,992.672241,23.27,992.693054,23.17,992.697021,23.36,992.961792,19:56:43,25/04/2022
285783,22.46,992.669006,23.27,992.689392,23.16,992.69635,23.36,992.960754,19:56:44,25/04/2022
286215,22.46,992.67157,23.26,992.689819,23.17,992.698303,23.37,992.962036,19:56:44,25/04/2022
286648,22.46,992.668274,23.27,992.690247,23.16,992.696167,23.37,992.959717,19:56:45,25/04/2022
287080,22.45,992.667114,23.27,992.688843,23.16,992.693848,23.37,992.957397,19:56:45,25/04/2022
287513,22.45,992.668213,23.26,992.689453,23.16,992.694702,23.38,992.959229,19:56:45,25/04/2022
287944,22.45,992.665771,23.26,992.688354,23.16,992.693298,23.37,992.957764,19:56:46,25/04/2022
288376,22.46,992.665527,23.25,992.68573,23.16,992.694458,23.37,992.955383,19:56:46,25/04/2022
288809,22.45,992.679443,23.26,992.703125,23.15,992.692749,23.37,992.953918,19:56:47,25/04/2022
289240,22.45,993.330383,23.26,993.300537,23.16,993.352966,23.37,992.950317,19:56:47,25/04/2022
289673,22.46,993.606323,23.27,993.479675,23.17,993.434937,23.36,992.952087,19:56:48,25/04/2022
290104,22.48,993.80542,23.3,993.670532,23.17,993.592346,23.36,992.949402,19:56:48,25/04/2022
290537,22.49,993.893494,23.31,993.749695,23.19,993.642273,23.36,992.947876,19:56:49,25/04/2022
290968,22.49,993.96521,23.31,993.80304,23.2,993.709045,23.35,992.944458,19:56:49,25/04/2022
291401,22.5,994.107666,23.33,993.929626,23.2,993.817627,23.35,992.94281,19:56:49,25/04/2022
291832,22.52,994.033386,23.34,993.87915,23.21,993.802246,23.35,992.937317,19:56:50,25/04/2022
292266,22.52,993.906433,23.36,993.773193,23.21,993.683777,23.36,992.931946,19:56:50,25/04/2022
292697,22.53,993.731384,23.36,993.623779,23.23,993.55542,23.36,992.929626,19:56:51,25/04/2022
293130,22.54,993.284424,23.36,993.197205,23.24,993.179688,23.35,992.933533,19:56:51,25/04/2022
293561,22.53,992.936707,23.36,992.914124,23.23,992.899902,23.35,992.935852,19:56:52,25/04/2022
293991,22.53,992.767395,23.36,992.769775,23.23,992.769775,23.35,992.936035,19:56:52,25/04/2022
294424,22.52,992.670105,23.35,992.687866,23.21,992.691406,23.35,992.939087,19:56:52,25/04/2022
294854,22.52,992.653748,23.33,992.672241,23.23,992.678345,23.35,992.941589,19:56:53,25/04/2022
295287,22.51,992.655457,23.33,992.676697,23.21,992.683105,23.35,992.945496,19:56:53,25/04/2022
295718,22.5,992.660522,23.32,992.677429,23.22,992.682556,23.36,992.950134,19:56:54,25/04/2022
296151,22.49,992.657288,23.31,992.676575,23.21,992.684753,23.36,992.948303,19:56:54,25/04/2022
296582,22.49,992.655762,23.31,992.673096,23.21,992.681152,23.36,992.946655,19:56:55,25/04/2022
297014,22.5,992.655457,23.31,992.674622,23.21,992.681152,23.36,992.943115,19:56:55,25/04/2022
297444,22.49,992.655396,23.3,992.671326,23.21,992.679138,23.36,992.943359,19:56:55,25/04/2022
297877,22.49,992.657043,23.31,992.675232,23.2,992.684753,23.36,992.947205,19:56:56,25/04/2022
298308,22.48,992.658203,23.31,992.681885,23.2,992.687195,23.36,992.949951,19:56:56,25/04/2022
298739,22.49,992.661255,23.3,992.681396,23.2,992.689087,23.36,992.952759,19:56:57,25/04/2022
299171,22.48,992.666565,23.3,992.687134,23.2,992.692566,23.36,992.956177,19:56:57,25/04/2022
299602,22.47,992.668518,23.29,992.688232,23.2,992.694763,23.36,992.958191,19:56:58,25/04/2022
304950,22.48,992.666077,23.29,992.687683,23.19,992.692322,23.37,992.958435,19:57:03,25/04/2022
305381,22.48,992.70282,23.28,992.715454,23.19,992.723145,23.37,992.964661,19:57:03,25/04/2022
305813,22.48,992.702209,23.28,992.72583,23.19,992.72229,23.36,992.96228,19:57:04,25/04/2022
306244,22.49,992.704163,23.28,992.716003,23.19,992.723022,23.37,992.959351,19:57:04,25/04/2022
306676,22.48,992.707581,23.28,992.728271,23.18,992.727722,23.37,992.9646,19:57:05,25/04/2022
307107,22.48,992.710999,23.29,992.727417,23.19,992.731018,23.37,992.966431,19:57:05,25/04/2022
307537,22.48,992.713745,23.28,992.729248,23.2,992.73468,23.37,992.968201,19:57:06,25/04/2022
307969,22.48,992.714478,23.27,992.728333,23.19,992.733582,23.36,992.968567,19:57:06,25/04/2022
308400,22.48,992.71283,23.28,992.730713,23.19,992.734375,23.36,992.969604,19:57:06,25/04/2022
308832,22.48,992.716797,23.28,992.73468,23.19,992.734314,23.37,992.972717,19:57:07,25/04/2022
309263,22.49,992.718262,23.27,992.733582,23.18,992.737061,23.36,992.970398,19:57:07,25/04/2022
309695,22.48,992.717102,23.29,992.736084,23.18,992.735107,23.36,992.972107,19:57:08,25/04/2022
310125,22.47,992.711243,23.27,992.732422,23.18,992.730652,23.37,992.968384,19:57:08,25/04/2022
310557,22.47,992.708374,23.28,992.72406,23.2,992.725769,23.37,992.963135,19:57:09,25/04/2022
310988,22.46,992.709778,23.28,992.723206,23.19,992.723206,23.37,992.962097,19:57:09,25/04/2022
311421,22.48,992.703064,23.28,992.719299,23.19,992.71991,23.36,992.957214,19:57:09,25/04/2022
311857,22.47,992.703735,23.27,992.717957,23.2,992.722351,23.37,992.956543,19:57:10,25/04/2022
312288,22.47,992.703369,23.28,992.717102,23.21,992.719788,23.36,992.955933,19:57:10,25/04/2022
312720,22.47,992.703064,23.28,992.718506,23.19,992.722961,23.36,992.957214,19:57:11,25/04/2022
313150,22.48,992.705994,23.28,992.718933,23.2,992.725708,23.36,992.957947,19:57:11,25/04/2022
313582,22.47,992.698914,23.28,992.723389,23.2,992.725342,23.36,992.959473,19:57:12,25/04/2022
314012,22.48,992.710144,23.27,992.721619,23.19,992.725525,23.36,992.963135,19:57:12,25/04/2022
314444,22.48,992.712341,23.28,992.725403,23.19,992.730103,23.36,992.96521,19:57:12,25/04/2022
314874,22.47,992.708496,23.28,992.725098,23.2,992.725708,23.36,992.960938,19:57:13,25/04/2022
315307,22.47,992.713501,23.27,992.726624,23.2,992.728821,23.37,992.963745,19:57:13,25/04/2022
315737,22.47,992.716003,23.28,992.733459,23.19,992.736938,23.37,992.970337,19:57:14,25/04/2022
316169,22.47,992.723877,23.27,992.733459,23.19,992.736084,23.37,992.974792,19:57:14,25/04/2022
316599,22.47,992.726746,23.27,992.737732,23.18,992.742981,23.37,992.978027,19:57:15,25/04/2022
317028,22.46,992.728027,23.27,992.745056,23.19,992.745605,23.37,992.984009,19:57:15,25/04/2022
317461,22.48,992.730469,23.26,992.743286,23.19,992.750244,23.37,992.987122,19:57:15,25/04/2022
317891,22.47,992.732788,23.26,992.746399,23.2,992.752502,23.38,992.988037,19:57:16,25/04/2022
318324,22.46,992.725098,23.26,992.74469,23.19,992.748108,23.37,992.985535,19:57:16,25/04/2022
318754,22.47,992.729675,23.26,992.740417,23.2,992.74408,23.38,992.984863,19:57:17,25/04/2022
319186,22.47,992.724915,23.27,992.740234,23.19,992.740479,23.38,992.97998,19:57:17,25/04/2022
319617,22.47,992.735413,23.27,992.746155,23.2,992.750366,23.38,992.987244,19:57:18,25/04/2022
320048,22.46,992.72937,23.27,992.742432,23.2,992.745361,23.38,992.983826,19:57:18,25/04/2022
320479,22.47,992.72821,23.27,992.742249,23.2,992.742493,23.38,992.980164,19:57:18,25/04/2022
320921,22.47,992.717712,23.27,992.734619,23.19,992.738647,23.38,992.97467,19:57:19,25/04/2022
321378,22.47,992.714294,23.27,992.728882,23.19,992.728455,23.38,992.967285,19:57:19,25/04/2022
321811,22.47,992.711975,23.27,992.728516,23.19,992.728882,23.38,992.963989,19:57:20,25/04/2022
322247,22.48,992.703308,23.27,992.718445,23.19,992.727478,23.39,992.961548,19:57:20,25/04/2022
322676,22.47,992.700012,23.27,992.712952,23.2,992.71759,23.39,992.953369,19:57:21,25/04/2022
323109,22.47,992.692749,23.27,992.706787,23.2,992.709595,23.39,992.947815,19:57:21,25/04/2022
323539,22.47,992.69165,23.27,992.705139,23.19,992.70697,23.39,992.948181,19:57:22,25/04/2022
323971,22.47,992.699951,23.26,992.707092,23.19,992.711304,23.4,992.952271,19:57:22,25/04/2022
324401,22.47,992.695862,23.28,992.71228,23.19,992.711548,23.38,992.950867,19:57:22,25/04/2022
324833,22.48,992.698303,23.27,992.712036,23.2,992.71283,23.39,992.951721,19:57:23,25/04/2022
325264,22.48,992.694519,23.27,992.712952,23.19,992.713745,23.39,992.951172,19:57:23,25/04/2022
325696,22.48,992.694702,23.26,992.711121,23.19,992.714783,23.39,992.949585,19:57:24,25/04/2022
326126,22.48,992.690002,23.26,992.704895,23.18,992.712036,23.39,992.947021,19:57:24,25/04/2022
326557,22.48,992.691223,23.26,992.703857,23.18,992.711731,23.39,992.946716,19:57:25,25/04/2022
326989,22.48,992.691162,23.25,992.705933,23.18,992.714355,23.39,992.949219,19:57:25,25/04/2022
327419,22.48,992.688354,23.27,992.704346,23.19,992.710693,23.39,992.948059,19:57:25,25/04/2022
327851,22.48,992.69104,23.27,992.705566,23.19,992.713989,23.39,992.948303,19:57:26,25/04/2022
328281,22.48,992.694397,23.26,992.708191,23.18,992.716858,23.39,992.952637,19:57:26,25/04/2022
328714,22.48,992.70166,23.26,992.716309,23.18,992.723511,23.39,992.958618,19:57:27,25/04/2022
329144,22.47,992.711121,23.26,992.72229,23.18,992.726929,23.41,992.966309,19:57:27,25/04/2022
329579,22.47,992.697815,23.26,992.715881,23.18,992.720215,23.4,992.970398,19:57:28,25/04/2022
330010,22.47,992.687439,23.26,992.707825,23.19,992.713989,23.39,992.97345,19:57:28,25/04/2022
330442,22.48,992.688232,23.26,992.708374,23.19,992.716003,23.39,992.975952,19:57:28,25/04/2022
330872,22.47,992.684326,23.25,992.703186,23.19,992.711731,23.39,992.974304,19:57:29,25/04/2022
331302,22.47,992.680237,23.25,992.699524,23.19,992.708923,23.39,992.970947,19:57:29,25/04/2022
331736,22.47,992.678101,23.25,992.698486,23.19,992.708374,23.39,992.969666,19:57:30,25/04/2022
332167,22.46,992.674927,23.25,992.694824,23.19,992.703125,23.39,992.965881,19:57:30,25/04/2022
332599,22.47,992.67334,23.25,992.693726,23.18,992.701233,23.4,992.962585,19:57:31,25/04/2022
333029,22.46,992.669617,23.25,992.690918,23.18,992.699524,23.4,992.961121,19:57:31,25/04/2022
333462,22.46,992.670288,23.25,992.690002,23.18,992.69635,23.4,992.959717,19:57:31,25/04/2022
333893,22.46,992.670471,23.26,992.68927,23.19,992.696899,23.39,992.957947,19:57:32,25/04/2022
334325,22.46,992.671326,23.25,992.691467,23.18,992.69751,23.39,992.960999,19:57:32,25/04/2022
334756,22.46,992.666382,23.24,992.688965,23.18,992.695374,23.4,992.959167,19:57:33,25/04/2022
335189,22.46,992.662842,23.24,992.684753,23.18,992.692749,23.4,992.955078,19:57:33,25/04/2022
335620,22.46,992.656799,23.24,992.679443,23.18,992.685242,23.4,992.946411,19:57:34,25/04/2022
336051,22.46,992.652161,23.25,992.673462,23.19,992.680603,23.39,992.940613,19:57:34,25/04/2022
336484,22.46,992.648193,23.25,992.668213,23.18,992.678223,23.4,992.937561,19:57:34,25/04/2022
336915,22.46,992.644836,23.25,992.665649,23.18,992.674683,23.4,992.937195,19:57:35,25/04/2022
337347,22.45,992.641113,23.24,992.65979,23.18,992.668823,23.4,992.929993,19:57:35,25/04/2022
337778,22.45,992.637512,23.24,992.65802,23.19,992.664063,23.41,992.929077,19:57:36,25/04/2022
338210,22.46,992.633972,23.24,992.653442,23.18,992.662476,23.41,992.925781,19:57:36,25/04/2022
338641,22.45,992.628174,23.24,992.650696,23.18,992.656433,23.41,992.919739,19:57:37,25/04/2022
339074,22.46,992.628601,23.25,992.651978,23.18,992.660156,23.4,992.920227,19:57:37,25/04/2022
339505,22.46,992.636414,23.24,992.657837,23.18,992.665161,23.4,992.925964,19:57:37,25/04/2022
339936,22.45,992.637329,23.24,992.659424,23.18,992.666077,23.41,992.929321,19:57:38,25/04/2022
340369,22.45,992.64032,23.24,992.661194,23.17,992.669373,23.41,992.935303,19:57:38,25/04/2022
340800,22.45,992.645752,23.24,992.665222,23.18,992.67157,23.42,992.936951,19:57:39,25/04/2022
341232,22.45,992.646973,23.23,992.668579,23.18,992.674561,23.41,992.9375,19:57:39,25/04/2022
341663,22.45,992.654297,23.24,992.675781,23.18,992.679199,23.41,992.942871,19:57:40,25/04/2022
342096,22.45,992.656433,23.23,992.677429,23.17,992.683289,23.41,992.94635,19:57:40,25/04/2022
342527,22.45,992.659424,23.23,992.679077,23.18,992.685181,23.41,992.948914,19:57:40,25/04/2022
342959,22.45,992.661072,23.23,992.682678,23.18,992.689697,23.41,992.951355,19:57:41,25/04/2022
343390,22.45,992.664368,23.23,992.683105,23.18,992.692017,23.42,992.955383,19:57:41,25/04/2022
343822,22.45,992.6651,23.22,992.684692,23.18,992.690857,23.41,992.953186,19:57:42,25/04/2022
344254,22.46,992.661316,23.23,992.682983,23.18,992.690796,23.41,992.951172,19:57:42,25/04/2022
344685,22.45,992.661194,23.23,992.680542,23.18,992.688599,23.42,992.951782,19:57:43,25/04/2022
345118,22.45,992.659912,23.22,992.678223,23.18,992.688293,23.41,992.950073,19:57:43,25/04/2022
345549,22.45,992.661194,23.22,992.679199,23.18,992.686707,23.42,992.949829,19:57:44,25/04/2022
345981,22.44,992.658386,23.22,992.678345,23.17,992.686035,23.41,992.948853,19:57:44,25/04/2022
346412,22.44,992.658569,23.22,992.679688,23.18,992.684753,23.41,992.94812,19:57:44,25/04/2022
346844,22.44,992.655029,23.22,992.674927,23.18,992.68103,23.41,992.946899,19:57:45,25/04/2022
347275,22.44,992.656189,23.22,992.675293,23.18,992.680847,23.42,992.943665,19:57:45,25/04/2022
347713,22.44,992.655762,23.22,992.675476,23.17,992.681335,23.42,992.945557,19:57:46,25/04/2022
348145,22.44,992.653687,23.22,992.675293,23.18,992.680847,23.42,992.944458,19:57:46,25/04/2022
348577,22.44,992.652527,23.22,992.672913,23.18,992.679504,23.42,992.943298,19:57:47,25/04/2022
349007,22.44,992.651611,23.22,992.671936,23.17,992.678955,23.43,992.943115,19:57:47,25/04/2022
349437,22.44,992.652954,23.21,992.672607,23.17,992.678528,23.43,992.943054,19:57:47,25/04/2022
349869,22.44,992.6521,23.21,992.673035,23.17,992.679138,23.42,992.942993,19:57:48,25/04/2022
350299,22.44,992.658752,23.21,992.677979,23.17,992.68396,23.43,992.950378,19:57:48,25/04/2022
350731,22.43,992.660645,23.2,992.679504,23.17,992.686768,23.43,992.952515,19:57:49,25/04/2022
351162,22.42,992.660889,23.21,992.680725,23.17,992.686951,23.43,992.951965,19:57:49,25/04/2022
351594,22.44,992.658508,23.21,992.680054,23.17,992.686462,23.43,992.948669,19:57:50,25/04/2022
352025,22.43,992.657959,23.21,992.678467,23.17,992.684692,23.43,992.947998,19:57:50,25/04/2022
352457,22.44,992.658752,23.21,992.679321,23.16,992.686096,23.42,992.948303,19:57:50,25/04/2022
352887,22.44,992.659119,23.21,992.680725,23.17,992.68573,23.42,992.948364,19:57:51,25/04/2022
353318,22.44,992.65686,23.22,992.679871,23.17,992.686096,23.43,992.946106,19:57:51,25/04/2022
353748,22.43,992.657166,23.22,992.678345,23.15,992.685364,23.42,992.947021,19:57:52,25/04/2022
354178,22.43,992.658569,23.2,992.678955,23.17,992.68335,23.42,992.946777,19:57:52,25/04/2022
354610,22.43,992.656189,23.2,992.675293,23.17,992.683105,23.43,992.94342,19:57:53,25/04/2022
355040,22.43,992.654297,23.2,992.676392,23.17,992.680298,23.43,992.944397,19:57:53,25/04/2022
355472,22.43,992.654663,23.2,992.677673,23.16,992.684814,23.43,992.947266,19:57:53,25/04/2022
355902,22.43,992.655334,23.2,992.678833,23.15,992.684692,23.44,992.948853,19:57:54,25/04/2022
356333,22.43,992.655029,23.2,992.675842,23.17,992.681702,23.44,992.946655,19:57:54,25/04/2022
356763,22.44,992.655212,23.2,992.676331,23.17,992.683289,23.43,992.945251,19:57:55,25/04/2022
357195,22.44,992.652039,23.21,992.675476,23.16,992.683777,23.43,992.944458,19:57:55,25/04/2022
357625,22.44,992.65155,23.2,992.674194,23.16,992.68158,23.43,992.943115,19:57:56,25/04/2022
358057,22.44,992.650879,23.2,992.674133,23.16,992.683105,23.44,992.944519,19:57:56,25/04/2022
358487,22.44,992.654541,23.2,992.674377,23.17,992.681824,23.44,992.942871,19:57:56,25/04/2022
358917,22.43,992.652344,23.21,992.674561,23.17,992.681274,23.43,992.943665,19:57:57,25/04/2022
359349,22.43,992.651428,23.2,992.672974,23.16,992.678894,23.43,992.941223,19:57:57,25/04/2022
359779,22.44,992.64917,23.2,992.672363,23.16,992.679993,23.43,992.940918,19:57:58,25/04/2022
360211,22.43,992.650208,23.19,992.669861,23.16,992.678833,23.43,992.939758,19:57:58,25/04/2022
360642,22.43,992.65033,23.2,992.669556,23.16,992.675842,23.44,992.938293,19:57:59,25/04/2022
361075,22.42,992.647583,23.2,992.669983,23.16,992.673767,23.44,992.938354,19:57:59,25/04/2022
361505,22.43,992.732178,23.19,992.752502,23.16,992.699402,23.43,992.992188,19:57:59,25/04/2022
361938,22.43,992.674988,23.19,992.69635,23.16,992.702332,23.43,992.961182,19:58:00,25/04/2022
362368,22.42,992.659607,23.19,992.679688,23.17,992.693909,23.43,992.951721,19:58:00,25/04/2022
362799,22.43,992.641724,23.19,992.660522,23.17,992.671631,23.43,992.932739,19:58:01,25/04/2022
363230,22.43,992.639465,23.19,992.65979,23.17,992.66687,23.44,992.928528,19:58:01,25/04/2022
363661,22.44,992.645386,23.19,992.666809,23.17,992.671082,23.44,992.934509,19:58:02,25/04/2022
364093,22.43,992.651123,23.18,992.669739,23.16,992.678772,23.44,992.940491,19:58:02,25/04/2022
364524,22.43,992.653992,23.18,992.675781,23.15,992.684448,23.44,992.943054,19:58:02,25/04/2022
364956,22.44,992.659241,23.18,992.679382,23.16,992.689819,23.43,992.946716,19:58:03,25/04/2022
365387,22.43,992.661621,23.19,992.6828,23.15,992.692505,23.44,992.952881,19:58:03,25/04/2022
365819,22.42,992.664612,23.18,992.685791,23.16,992.69458,23.43,992.957031,19:58:04,25/04/2022
366250,22.43,992.667358,23.19,992.690613,23.15,992.695923,23.44,992.956848,19:58:04,25/04/2022
366683,22.43,992.666565,23.18,992.69281,23.15,992.697998,23.44,992.960083,19:58:05,25/04/2022
367113,22.43,992.672241,23.18,992.691956,23.15,992.699707,23.45,992.962036,19:58:05,25/04/2022
367544,22.43,992.672729,23.18,992.696045,23.15,992.703369,23.44,992.963684,19:58:06,25/04/2022
367976,22.43,992.673889,23.18,992.69342,23.16,992.703186,23.45,992.963989,19:58:06,25/04/2022
368407,22.42,992.664795,23.17,992.688232,23.15,992.697083,23.44,992.953918,19:58:06,25/04/2022
368839,22.43,992.654907,23.17,992.67627,23.15,992.6828,23.44,992.943542,19:58:07,25/04/2022
369270,22.43,992.653442,23.18,992.674194,23.15,992.678894,23.44,992.942566,19:58:07,25/04/2022
369702,22.42,992.65509,23.18,992.678223,23.15,992.684387,23.45,992.945007,19:58:08,25/04/2022
370133,22.42,992.657654,23.18,992.679626,23.16,992.684631,23.45,992.946106,19:58:08,25/04/2022
370565,22.42,992.660767,23.18,992.681396,23.16,992.689758,23.44,992.949585,19:58:09,25/04/2022
370996,22.42,992.659973,23.18,992.683655,23.16,992.69104,23.45,992.951416,19:58:09,25/04/2022
371428,22.42,992.663696,23.18,992.683533,23.16,992.689697,23.44,992.951538,19:58:09,25/04/2022
371858,22.42,992.665649,23.18,992.687439,23.16,992.69635,23.44,992.955994,19:58:10,25/04/2022
372290,22.42,992.668823,23.17,992.689941,23.16,992.696777,23.44,992.958374,19:58:10,25/04/2022
372722,22.42,992.671265,23.18,992.692017,23.16,992.699402,23.45,992.960449,19:58:11,25/04/2022
373153,22.41,992.671326,23.17,992.692871,23.16,992.697632,23.45,992.96167,19:58:11,25/04/2022
373584,22.41,992.670471,23.17,992.691711,23.16,992.696777,23.45,992.962402,19:58:12,25/04/2022
374014,22.41,992.669434,23.17,992.691223,23.15,992.695496,23.45,992.961487,19:58:12,25/04/2022
374446,22.42,992.671692,23.17,992.691345,23.15,992.699158,23.45,992.961975,19:58:12,25/04/2022
374883,22.41,992.672241,23.16,992.693665,23.15,992.700378,23.45,992.960327,19:58:13,25/04/2022
375315,22.41,992.671936,23.17,992.694397,23.16,992.699158,23.44,992.960693,19:58:13,25/04/2022
375745,22.42,992.673828,23.17,992.694824,23.16,992.701111,23.45,992.962585,19:58:14,25/04/2022
376177,22.41,992.672424,23.17,992.697571,23.16,992.700928,23.45,992.962402,19:58:14,25/04/2022
376607,22.42,992.674377,23.17,992.699585,23.15,992.704041,23.46,992.962402,19:58:15,25/04/2022
377037,22.41,992.670471,23.17,992.698975,23.16,992.705017,23.46,992.959351,19:58:15,25/04/2022
377469,22.41,992.674622,23.17,992.713501,23.15,992.718506,23.46,992.971741,19:58:15,25/04/2022
377898,22.41,992.682495,23.17,992.704895,23.15,992.710327,23.46,992.972961,19:58:16,25/04/2022
378330,22.41,992.6828,23.16,992.703979,23.15,992.709839,23.46,992.971313,19:58:16,25/04/2022